salsah-id,salsah-url,dsp-url,dsp-iiif-image-api,dsp-iiif-image-api-info,dsp-iiif-image-api-full,signature,former-number,filename,bemerkungen
429276,https://data.dasch.swiss/resources/429276,,,,,SGV_12N_07041,,sgv.dir/images/SGV_12N_07041.TIF,Bild fehlt auf der Festplatte.
432708,https://data.dasch.swiss/resources/432708,,,,,SGV_12N_10473,,sgv.dir/images/SGV_12N_10473.TIF,Bild fehlt auf der Festplatte.
433705,https://data.dasch.swiss/resources/433705,,,,,SGV_12N_11470,,sgv.dir/images/SGV_12N_11470.TIF,Bild fehlt auf der Festplatte.
434763,https://data.dasch.swiss/resources/434763,,,,,SGV_12N_12528,,sgv.dir/images/SGV_12N_12528.TIF,Bild fehlt auf der Festplatte.
434769,https://data.dasch.swiss/resources/434769,,,,,SGV_12N_12534,,sgv.dir/images/SGV_12N_12534.TIF,Bild fehlt auf der Festplatte.
434782,https://data.dasch.swiss/resources/434782,,,,,SGV_12N_12547,,sgv.dir/images/SGV_12N_12547.TIF,Bild fehlt auf der Festplatte.
434783,https://data.dasch.swiss/resources/434783,,,,,SGV_12N_12548,,sgv.dir/images/SGV_12N_12548.TIF,Bild fehlt auf der Festplatte.
435141,https://data.dasch.swiss/resources/435141,,,,,SGV_12N_12906,,sgv.dir/images/SGV_12N_12906.TIF,Bild fehlt auf der Festplatte.
435142,https://data.dasch.swiss/resources/435142,,,,,SGV_12N_12907,,sgv.dir/images/SGV_12N_12907.TIF,Bild fehlt auf der Festplatte.
435246,https://data.dasch.swiss/resources/435246,,,,,SGV_12N_13011,,sgv.dir/images/SGV_12N_13011.TIF,Bild fehlt auf der Festplatte.
435251,https://data.dasch.swiss/resources/435251,,,,,SGV_12N_13016,,sgv.dir/images/SGV_12N_13016.TIF,Bild fehlt auf der Festplatte.
435252,https://data.dasch.swiss/resources/435252,,,,,SGV_12N_13017,,sgv.dir/images/SGV_12N_13017.TIF,Bild fehlt auf der Festplatte.
435253,https://data.dasch.swiss/resources/435253,,,,,SGV_12N_13018,,sgv.dir/images/SGV_12N_13018.TIF,Bild fehlt auf der Festplatte.
435479,https://data.dasch.swiss/resources/435479,,,,,SGV_12N_13244,,sgv.dir/images/SGV_12N_13244.tif,Bild fehlt auf der Festplatte.
435636,https://data.dasch.swiss/resources/435636,,,,,SGV_12N_13401,,sgv.dir/images/SGV_12N_13401.TIF,Bild fehlt auf der Festplatte.
435637,https://data.dasch.swiss/resources/435637,,,,,SGV_12N_13402,,sgv.dir/images/SGV_12N_13402.TIF,Bild fehlt auf der Festplatte.
435638,https://data.dasch.swiss/resources/435638,,,,,SGV_12N_13403,,sgv.dir/images/SGV_12N_13403.TIF,Bild fehlt auf der Festplatte.
435639,https://data.dasch.swiss/resources/435639,,,,,SGV_12N_13404,,sgv.dir/images/SGV_12N_13404.TIF,Bild fehlt auf der Festplatte.
435640,https://data.dasch.swiss/resources/435640,,,,,SGV_12N_13405,,sgv.dir/images/SGV_12N_13405.TIF,Bild fehlt auf der Festplatte.
435641,https://data.dasch.swiss/resources/435641,,,,,SGV_12N_13406,,sgv.dir/images/SGV_12N_13406.TIF,Bild fehlt auf der Festplatte.
435642,https://data.dasch.swiss/resources/435642,,,,,SGV_12N_13407,,sgv.dir/images/SGV_12N_13407.TIF,Bild fehlt auf der Festplatte.
435643,https://data.dasch.swiss/resources/435643,,,,,SGV_12N_13408,,sgv.dir/images/SGV_12N_13408.TIF,Bild fehlt auf der Festplatte.
435644,https://data.dasch.swiss/resources/435644,,,,,SGV_12N_13409,,sgv.dir/images/SGV_12N_13409.TIF,Bild fehlt auf der Festplatte.
435645,https://data.dasch.swiss/resources/435645,,,,,SGV_12N_13410,,sgv.dir/images/SGV_12N_13410.TIF,Bild fehlt auf der Festplatte.
435646,https://data.dasch.swiss/resources/435646,,,,,SGV_12N_13411,,sgv.dir/images/SGV_12N_13411.TIF,Bild fehlt auf der Festplatte.
435647,https://data.dasch.swiss/resources/435647,,,,,SGV_12N_13412,,sgv.dir/images/SGV_12N_13412.TIF,Bild fehlt auf der Festplatte.
435648,https://data.dasch.swiss/resources/435648,,,,,SGV_12N_13413,,sgv.dir/images/SGV_12N_13413.TIF,Bild fehlt auf der Festplatte.
435649,https://data.dasch.swiss/resources/435649,,,,,SGV_12N_13414,,sgv.dir/images/SGV_12N_13414.TIF,Bild fehlt auf der Festplatte.
435650,https://data.dasch.swiss/resources/435650,,,,,SGV_12N_13415,,sgv.dir/images/SGV_12N_13415.TIF,Bild fehlt auf der Festplatte.
435651,https://data.dasch.swiss/resources/435651,,,,,SGV_12N_13416,,sgv.dir/images/SGV_12N_13416.TIF,Bild fehlt auf der Festplatte.
435652,https://data.dasch.swiss/resources/435652,,,,,SGV_12N_13417,,sgv.dir/images/SGV_12N_13417.TIF,Bild fehlt auf der Festplatte.
435653,https://data.dasch.swiss/resources/435653,,,,,SGV_12N_13418,,sgv.dir/images/SGV_12N_13418.TIF,Bild fehlt auf der Festplatte.
435654,https://data.dasch.swiss/resources/435654,,,,,SGV_12N_13419,,sgv.dir/images/SGV_12N_13419.TIF,Bild fehlt auf der Festplatte.
435655,https://data.dasch.swiss/resources/435655,,,,,SGV_12N_13420,,sgv.dir/images/SGV_12N_13420.TIF,Bild fehlt auf der Festplatte.
435656,https://data.dasch.swiss/resources/435656,,,,,SGV_12N_13421,,sgv.dir/images/SGV_12N_13421.TIF,Bild fehlt auf der Festplatte.
435657,https://data.dasch.swiss/resources/435657,,,,,SGV_12N_13422,,sgv.dir/images/SGV_12N_13422.TIF,Bild fehlt auf der Festplatte.
435658,https://data.dasch.swiss/resources/435658,,,,,SGV_12N_13423,,sgv.dir/images/SGV_12N_13423.TIF,Bild fehlt auf der Festplatte.
435659,https://data.dasch.swiss/resources/435659,,,,,SGV_12N_13424,,sgv.dir/images/SGV_12N_13424.TIF,Bild fehlt auf der Festplatte.
435660,https://data.dasch.swiss/resources/435660,,,,,SGV_12N_13425,,sgv.dir/images/SGV_12N_13425.TIF,Bild fehlt auf der Festplatte.
435661,https://data.dasch.swiss/resources/435661,,,,,SGV_12N_13426,,sgv.dir/images/SGV_12N_13426.TIF,Bild fehlt auf der Festplatte.
435662,https://data.dasch.swiss/resources/435662,,,,,SGV_12N_13427,,sgv.dir/images/SGV_12N_13427.TIF,Bild fehlt auf der Festplatte.
435663,https://data.dasch.swiss/resources/435663,,,,,SGV_12N_13428,,sgv.dir/images/SGV_12N_13428.TIF,Bild fehlt auf der Festplatte.
435664,https://data.dasch.swiss/resources/435664,,,,,SGV_12N_13429,,sgv.dir/images/SGV_12N_13429.TIF,Bild fehlt auf der Festplatte.
435665,https://data.dasch.swiss/resources/435665,,,,,SGV_12N_13430,,sgv.dir/images/SGV_12N_13430.TIF,Bild fehlt auf der Festplatte.
435666,https://data.dasch.swiss/resources/435666,,,,,SGV_12N_13431,,sgv.dir/images/SGV_12N_13431.TIF,Bild fehlt auf der Festplatte.
435667,https://data.dasch.swiss/resources/435667,,,,,SGV_12N_13432,,sgv.dir/images/SGV_12N_13432.TIF,Bild fehlt auf der Festplatte.
435668,https://data.dasch.swiss/resources/435668,,,,,SGV_12N_13433,,sgv.dir/images/SGV_12N_13433.TIF,Bild fehlt auf der Festplatte.
435669,https://data.dasch.swiss/resources/435669,,,,,SGV_12N_13434,,sgv.dir/images/SGV_12N_13434.TIF,Bild fehlt auf der Festplatte.
435670,https://data.dasch.swiss/resources/435670,,,,,SGV_12N_13435,,sgv.dir/images/SGV_12N_13435.TIF,Bild fehlt auf der Festplatte.
435671,https://data.dasch.swiss/resources/435671,,,,,SGV_12N_13436,,sgv.dir/images/SGV_12N_13436.TIF,Bild fehlt auf der Festplatte.
435672,https://data.dasch.swiss/resources/435672,,,,,SGV_12N_13437,,sgv.dir/images/SGV_12N_13437.TIF,Bild fehlt auf der Festplatte.
435673,https://data.dasch.swiss/resources/435673,,,,,SGV_12N_13438,,sgv.dir/images/SGV_12N_13438.TIF,Bild fehlt auf der Festplatte.
435674,https://data.dasch.swiss/resources/435674,,,,,SGV_12N_13439,,sgv.dir/images/SGV_12N_13439.TIF,Bild fehlt auf der Festplatte.
435675,https://data.dasch.swiss/resources/435675,,,,,SGV_12N_13440,,sgv.dir/images/SGV_12N_13440.TIF,Bild fehlt auf der Festplatte.
435676,https://data.dasch.swiss/resources/435676,,,,,SGV_12N_13441,,sgv.dir/images/SGV_12N_13441.TIF,Bild fehlt auf der Festplatte.
435677,https://data.dasch.swiss/resources/435677,,,,,SGV_12N_13442,,sgv.dir/images/SGV_12N_13442.TIF,Bild fehlt auf der Festplatte.
435678,https://data.dasch.swiss/resources/435678,,,,,SGV_12N_13443,,sgv.dir/images/SGV_12N_13443.TIF,Bild fehlt auf der Festplatte.
435679,https://data.dasch.swiss/resources/435679,,,,,SGV_12N_13444,,sgv.dir/images/SGV_12N_13444.TIF,Bild fehlt auf der Festplatte.
435680,https://data.dasch.swiss/resources/435680,,,,,SGV_12N_13445,,sgv.dir/images/SGV_12N_13445.TIF,Bild fehlt auf der Festplatte.
435681,https://data.dasch.swiss/resources/435681,,,,,SGV_12N_13446,,sgv.dir/images/SGV_12N_13446.TIF,Bild fehlt auf der Festplatte.
435682,https://data.dasch.swiss/resources/435682,,,,,SGV_12N_13447,,sgv.dir/images/SGV_12N_13447.TIF,Bild fehlt auf der Festplatte.
435683,https://data.dasch.swiss/resources/435683,,,,,SGV_12N_13448,,sgv.dir/images/SGV_12N_13448.TIF,Bild fehlt auf der Festplatte.
435684,https://data.dasch.swiss/resources/435684,,,,,SGV_12N_13449,,sgv.dir/images/SGV_12N_13449.TIF,Bild fehlt auf der Festplatte.
435685,https://data.dasch.swiss/resources/435685,,,,,SGV_12N_13450,,sgv.dir/images/SGV_12N_13450.TIF,Bild fehlt auf der Festplatte.
435686,https://data.dasch.swiss/resources/435686,,,,,SGV_12N_13451,,sgv.dir/images/SGV_12N_13451.TIF,Bild fehlt auf der Festplatte.
435687,https://data.dasch.swiss/resources/435687,,,,,SGV_12N_13452,,sgv.dir/images/SGV_12N_13452.TIF,Bild fehlt auf der Festplatte.
435688,https://data.dasch.swiss/resources/435688,,,,,SGV_12N_13453,,sgv.dir/images/SGV_12N_13453.TIF,Bild fehlt auf der Festplatte.
435689,https://data.dasch.swiss/resources/435689,,,,,SGV_12N_13454,,sgv.dir/images/SGV_12N_13454.TIF,Bild fehlt auf der Festplatte.
435690,https://data.dasch.swiss/resources/435690,,,,,SGV_12N_13455,,sgv.dir/images/SGV_12N_13455.TIF,Bild fehlt auf der Festplatte.
435691,https://data.dasch.swiss/resources/435691,,,,,SGV_12N_13456,,sgv.dir/images/SGV_12N_13456.TIF,Bild fehlt auf der Festplatte.
435692,https://data.dasch.swiss/resources/435692,,,,,SGV_12N_13457,,sgv.dir/images/SGV_12N_13457.TIF,Bild fehlt auf der Festplatte.
435693,https://data.dasch.swiss/resources/435693,,,,,SGV_12N_13458,,sgv.dir/images/SGV_12N_13458.TIF,Bild fehlt auf der Festplatte.
435694,https://data.dasch.swiss/resources/435694,,,,,SGV_12N_13459,,sgv.dir/images/SGV_12N_13459.TIF,Bild fehlt auf der Festplatte.
435695,https://data.dasch.swiss/resources/435695,,,,,SGV_12N_13460,,sgv.dir/images/SGV_12N_13460.TIF,Bild fehlt auf der Festplatte.
435696,https://data.dasch.swiss/resources/435696,,,,,SGV_12N_13461,,sgv.dir/images/SGV_12N_13461.TIF,Bild fehlt auf der Festplatte.
435697,https://data.dasch.swiss/resources/435697,,,,,SGV_12N_13462,,sgv.dir/images/SGV_12N_13462.TIF,Bild fehlt auf der Festplatte.
435698,https://data.dasch.swiss/resources/435698,,,,,SGV_12N_13463,,sgv.dir/images/SGV_12N_13463.TIF,Bild fehlt auf der Festplatte.
435699,https://data.dasch.swiss/resources/435699,,,,,SGV_12N_13464,,sgv.dir/images/SGV_12N_13464.TIF,Bild fehlt auf der Festplatte.
435779,https://data.dasch.swiss/resources/435779,,,,,SGV_12N_13544,,sgv.dir/images/SGV_12N_13544.tif,Bild fehlt auf der Festplatte.
437475,https://data.dasch.swiss/resources/437475,,,,,SGV_12N_15240,,sgv.dir/images/SGV_12N_15240.tif,Bild fehlt auf der Festplatte.
437514,https://data.dasch.swiss/resources/437514,,,,,SGV_12N_15279,,sgv.dir/images/SGV_12N_15279.tif,Bild fehlt auf der Festplatte.
439208,https://data.dasch.swiss/resources/439208,,,,,SGV_12N_16973,,sgv.dir/images/SGV_12N_16973.TIF,Bild fehlt auf der Festplatte.
439209,https://data.dasch.swiss/resources/439209,,,,,SGV_12N_16974,,sgv.dir/images/SGV_12N_16974.TIF,Bild fehlt auf der Festplatte.
439210,https://data.dasch.swiss/resources/439210,,,,,SGV_12N_16975,,sgv.dir/images/SGV_12N_16975.TIF,Bild fehlt auf der Festplatte.
439211,https://data.dasch.swiss/resources/439211,,,,,SGV_12N_16976,,sgv.dir/images/SGV_12N_16976.TIF,Bild fehlt auf der Festplatte.
439212,https://data.dasch.swiss/resources/439212,,,,,SGV_12N_16977,,sgv.dir/images/SGV_12N_16977.TIF,Bild fehlt auf der Festplatte.
439283,https://data.dasch.swiss/resources/439283,,,,,SGV_12N_17048,,sgv.dir/images/SGV_12N_17048.TIF,Bild fehlt auf der Festplatte.
439284,https://data.dasch.swiss/resources/439284,,,,,SGV_12N_17049,,sgv.dir/images/SGV_12N_17049.TIF,Bild fehlt auf der Festplatte.
439285,https://data.dasch.swiss/resources/439285,,,,,SGV_12N_17050,,sgv.dir/images/SGV_12N_17050.TIF,Bild fehlt auf der Festplatte.
439286,https://data.dasch.swiss/resources/439286,,,,,SGV_12N_17051,,sgv.dir/images/SGV_12N_17051.TIF,Bild fehlt auf der Festplatte.
439287,https://data.dasch.swiss/resources/439287,,,,,SGV_12N_17052,,sgv.dir/images/SGV_12N_17052.TIF,Bild fehlt auf der Festplatte.
439288,https://data.dasch.swiss/resources/439288,,,,,SGV_12N_17053,,sgv.dir/images/SGV_12N_17053.TIF,Bild fehlt auf der Festplatte.
439289,https://data.dasch.swiss/resources/439289,,,,,SGV_12N_17054,,sgv.dir/images/SGV_12N_17054.TIF,Bild fehlt auf der Festplatte.
439290,https://data.dasch.swiss/resources/439290,,,,,SGV_12N_17055,,sgv.dir/images/SGV_12N_17055.TIF,Bild fehlt auf der Festplatte.
439291,https://data.dasch.swiss/resources/439291,,,,,SGV_12N_17056,,sgv.dir/images/SGV_12N_17056.TIF,Bild fehlt auf der Festplatte.
439510,https://data.dasch.swiss/resources/439510,,,,,SGV_12N_17275,,sgv.dir/images/SGV_12N_17275.TIF,Bild fehlt auf der Festplatte.
439511,https://data.dasch.swiss/resources/439511,,,,,SGV_12N_17276,,sgv.dir/images/SGV_12N_17276.TIF,Bild fehlt auf der Festplatte.
439512,https://data.dasch.swiss/resources/439512,,,,,SGV_12N_17277,,sgv.dir/images/SGV_12N_17277.TIF,Bild fehlt auf der Festplatte.
442579,https://data.dasch.swiss/resources/442579,,,,,SGV_12N_20344,,sgv.dir/images/SGV_12N_20344.TIF,Bild fehlt auf der Festplatte.
442623,https://data.dasch.swiss/resources/442623,,,,,SGV_12N_20388,,sgv.dir/images/SGV_12N_20388.TIF,Bild fehlt auf der Festplatte.
444419,https://data.dasch.swiss/resources/444419,,,,,SGV_12N_22184,,sgv.dir/images/SGV_12N_22184.TIF,Bild fehlt auf der Festplatte.
444430,https://data.dasch.swiss/resources/444430,,,,,SGV_12N_22195,,sgv.dir/images/SGV_12N_22195.TIF,Bild fehlt auf der Festplatte.
444431,https://data.dasch.swiss/resources/444431,,,,,SGV_12N_22196,,sgv.dir/images/SGV_12N_22196.TIF,Bild fehlt auf der Festplatte.
444432,https://data.dasch.swiss/resources/444432,,,,,SGV_12N_22197,,sgv.dir/images/SGV_12N_22197.TIF,Bild fehlt auf der Festplatte.
446149,https://data.dasch.swiss/resources/446149,,,,,SGV_12N_23914,,sgv.dir/images/SGV_12N_23914.TIF,Bild fehlt auf der Festplatte.
446191,https://data.dasch.swiss/resources/446191,,,,,SGV_12N_23956,,sgv.dir/images/SGV_12N_23956.TIF,Bild fehlt auf der Festplatte.
446192,https://data.dasch.swiss/resources/446192,,,,,SGV_12N_23957,,sgv.dir/images/SGV_12N_23957.TIF,Bild fehlt auf der Festplatte.
449133,https://data.dasch.swiss/resources/449133,,,,,SGV_12N_26898,,sgv.dir/images/SGV_12N_26898.TIF,Bild fehlt auf der Festplatte.
449736,https://data.dasch.swiss/resources/449736,,,,,SGV_12N_27501,,sgv.dir/images/SGV_12N_27501.TIF,Bild fehlt auf der Festplatte.
449738,https://data.dasch.swiss/resources/449738,,,,,SGV_12N_27503,,sgv.dir/images/SGV_12N_27503.TIF,Bild fehlt auf der Festplatte.
449739,https://data.dasch.swiss/resources/449739,,,,,SGV_12N_27504,,sgv.dir/images/SGV_12N_27504.TIF,Bild fehlt auf der Festplatte.
449740,https://data.dasch.swiss/resources/449740,,,,,SGV_12N_27505,,sgv.dir/images/SGV_12N_27505.TIF,Bild fehlt auf der Festplatte.
449741,https://data.dasch.swiss/resources/449741,,,,,SGV_12N_27506,,sgv.dir/images/SGV_12N_27506.TIF,Bild fehlt auf der Festplatte.
449742,https://data.dasch.swiss/resources/449742,,,,,SGV_12N_27507,,sgv.dir/images/SGV_12N_27507.TIF,Bild fehlt auf der Festplatte.
449744,https://data.dasch.swiss/resources/449744,,,,,SGV_12N_27509,,sgv.dir/images/SGV_12N_27509.TIF,Bild fehlt auf der Festplatte.
449745,https://data.dasch.swiss/resources/449745,,,,,SGV_12N_27510,,sgv.dir/images/SGV_12N_27510.TIF,Bild fehlt auf der Festplatte.
449746,https://data.dasch.swiss/resources/449746,,,,,SGV_12N_27511,,sgv.dir/images/SGV_12N_27511.TIF,Bild fehlt auf der Festplatte.
449747,https://data.dasch.swiss/resources/449747,,,,,SGV_12N_27512,,sgv.dir/images/SGV_12N_27512.TIF,Bild fehlt auf der Festplatte.
449748,https://data.dasch.swiss/resources/449748,,,,,SGV_12N_27513,,sgv.dir/images/SGV_12N_27513.TIF,Bild fehlt auf der Festplatte.
449749,https://data.dasch.swiss/resources/449749,,,,,SGV_12N_27514,,sgv.dir/images/SGV_12N_27514.TIF,Bild fehlt auf der Festplatte.
449750,https://data.dasch.swiss/resources/449750,,,,,SGV_12N_27515,,sgv.dir/images/SGV_12N_27515.TIF,Bild fehlt auf der Festplatte.
449751,https://data.dasch.swiss/resources/449751,,,,,SGV_12N_27516,,sgv.dir/images/SGV_12N_27516.TIF,Bild fehlt auf der Festplatte.
449752,https://data.dasch.swiss/resources/449752,,,,,SGV_12N_27517,,sgv.dir/images/SGV_12N_27517.TIF,Bild fehlt auf der Festplatte.
449753,https://data.dasch.swiss/resources/449753,,,,,SGV_12N_27518,,sgv.dir/images/SGV_12N_27518.TIF,Bild fehlt auf der Festplatte.
449754,https://data.dasch.swiss/resources/449754,,,,,SGV_12N_27519,,sgv.dir/images/SGV_12N_27519.TIF,Bild fehlt auf der Festplatte.
449755,https://data.dasch.swiss/resources/449755,,,,,SGV_12N_27520,,sgv.dir/images/SGV_12N_27520.TIF,Bild fehlt auf der Festplatte.
449756,https://data.dasch.swiss/resources/449756,,,,,SGV_12N_27521,,sgv.dir/images/SGV_12N_27521.TIF,Bild fehlt auf der Festplatte.
449757,https://data.dasch.swiss/resources/449757,,,,,SGV_12N_27522,,sgv.dir/images/SGV_12N_27522.TIF,Bild fehlt auf der Festplatte.
449758,https://data.dasch.swiss/resources/449758,,,,,SGV_12N_27523,,sgv.dir/images/SGV_12N_27523.TIF,Bild fehlt auf der Festplatte.
449759,https://data.dasch.swiss/resources/449759,,,,,SGV_12N_27524,,sgv.dir/images/SGV_12N_27524.TIF,Bild fehlt auf der Festplatte.
449760,https://data.dasch.swiss/resources/449760,,,,,SGV_12N_27525,,sgv.dir/images/SGV_12N_27525.TIF,Bild fehlt auf der Festplatte.
449761,https://data.dasch.swiss/resources/449761,,,,,SGV_12N_27526,,sgv.dir/images/SGV_12N_27526.TIF,Bild fehlt auf der Festplatte.
449764,https://data.dasch.swiss/resources/449764,,,,,SGV_12N_27529,,sgv.dir/images/SGV_12N_27529.TIF,Bild fehlt auf der Festplatte.
449765,https://data.dasch.swiss/resources/449765,,,,,SGV_12N_27530,,sgv.dir/images/SGV_12N_27530.TIF,Bild fehlt auf der Festplatte.
449766,https://data.dasch.swiss/resources/449766,,,,,SGV_12N_27531,,sgv.dir/images/SGV_12N_27531.TIF,Bild fehlt auf der Festplatte.
449767,https://data.dasch.swiss/resources/449767,,,,,SGV_12N_27532,,sgv.dir/images/SGV_12N_27532.TIF,Bild fehlt auf der Festplatte.
449768,https://data.dasch.swiss/resources/449768,,,,,SGV_12N_27533,,sgv.dir/images/SGV_12N_27533.TIF,Bild fehlt auf der Festplatte.
449769,https://data.dasch.swiss/resources/449769,,,,,SGV_12N_27534,,sgv.dir/images/SGV_12N_27534.TIF,Bild fehlt auf der Festplatte.
449770,https://data.dasch.swiss/resources/449770,,,,,SGV_12N_27535,,sgv.dir/images/SGV_12N_27535.tif,Bild fehlt auf der Festplatte.
449771,https://data.dasch.swiss/resources/449771,,,,,SGV_12N_27536,,sgv.dir/images/SGV_12N_27536.TIF,Bild fehlt auf der Festplatte.
449772,https://data.dasch.swiss/resources/449772,,,,,SGV_12N_27537,,sgv.dir/images/SGV_12N_27537.TIF,Bild fehlt auf der Festplatte.
449773,https://data.dasch.swiss/resources/449773,,,,,SGV_12N_27538,,sgv.dir/images/SGV_12N_27538.tif,Bild fehlt auf der Festplatte.
449774,https://data.dasch.swiss/resources/449774,,,,,SGV_12N_27539,,sgv.dir/images/SGV_12N_27539.TIF,Bild fehlt auf der Festplatte.
449775,https://data.dasch.swiss/resources/449775,,,,,SGV_12N_27540,,sgv.dir/images/SGV_12N_27540.TIF,Bild fehlt auf der Festplatte.
449776,https://data.dasch.swiss/resources/449776,,,,,SGV_12N_27541,,sgv.dir/images/SGV_12N_27541.TIF,Bild fehlt auf der Festplatte.
449777,https://data.dasch.swiss/resources/449777,,,,,SGV_12N_27542,,sgv.dir/images/SGV_12N_27542.TIF,Bild fehlt auf der Festplatte.
449778,https://data.dasch.swiss/resources/449778,,,,,SGV_12N_27543,,sgv.dir/images/SGV_12N_27543.TIF,Bild fehlt auf der Festplatte.
449779,https://data.dasch.swiss/resources/449779,,,,,SGV_12N_27544,,sgv.dir/images/SGV_12N_27544.TIF,Bild fehlt auf der Festplatte.
449780,https://data.dasch.swiss/resources/449780,,,,,SGV_12N_27545,,sgv.dir/images/SGV_12N_27545.TIF,Bild fehlt auf der Festplatte.
449782,https://data.dasch.swiss/resources/449782,,,,,SGV_12N_27547,,sgv.dir/images/SGV_12N_27547.TIF,Bild fehlt auf der Festplatte.
449783,https://data.dasch.swiss/resources/449783,,,,,SGV_12N_27548,,sgv.dir/images/SGV_12N_27548.TIF,Bild fehlt auf der Festplatte.
449784,https://data.dasch.swiss/resources/449784,,,,,SGV_12N_27549,,sgv.dir/images/SGV_12N_27549.TIF,Bild fehlt auf der Festplatte.
449786,https://data.dasch.swiss/resources/449786,,,,,SGV_12N_27551,,sgv.dir/images/SGV_12N_27551.TIF,Bild fehlt auf der Festplatte.
449787,https://data.dasch.swiss/resources/449787,,,,,SGV_12N_27552,,sgv.dir/images/SGV_12N_27552.TIF,Bild fehlt auf der Festplatte.
449788,https://data.dasch.swiss/resources/449788,,,,,SGV_12N_27553,,sgv.dir/images/SGV_12N_27553.TIF,Bild fehlt auf der Festplatte.
449789,https://data.dasch.swiss/resources/449789,,,,,SGV_12N_27554,,sgv.dir/images/SGV_12N_27554.TIF,Bild fehlt auf der Festplatte.
449790,https://data.dasch.swiss/resources/449790,,,,,SGV_12N_27555,,sgv.dir/images/SGV_12N_27555.TIF,Bild fehlt auf der Festplatte.
449791,https://data.dasch.swiss/resources/449791,,,,,SGV_12N_27556,,sgv.dir/images/SGV_12N_27556.TIF,Bild fehlt auf der Festplatte.
449793,https://data.dasch.swiss/resources/449793,,,,,SGV_12N_27558,,sgv.dir/images/SGV_12N_27558.TIF,Bild fehlt auf der Festplatte.
449794,https://data.dasch.swiss/resources/449794,,,,,SGV_12N_27559,,sgv.dir/images/SGV_12N_27559.TIF,Bild fehlt auf der Festplatte.
449795,https://data.dasch.swiss/resources/449795,,,,,SGV_12N_27560,,sgv.dir/images/SGV_12N_27560.TIF,Bild fehlt auf der Festplatte.
449796,https://data.dasch.swiss/resources/449796,,,,,SGV_12N_27561,,sgv.dir/images/SGV_12N_27561.TIF,Bild fehlt auf der Festplatte.
449797,https://data.dasch.swiss/resources/449797,,,,,SGV_12N_27562,,sgv.dir/images/SGV_12N_27562.TIF,Bild fehlt auf der Festplatte.
449798,https://data.dasch.swiss/resources/449798,,,,,SGV_12N_27563,,sgv.dir/images/SGV_12N_27563.TIF,Bild fehlt auf der Festplatte.
449799,https://data.dasch.swiss/resources/449799,,,,,SGV_12N_27564,,sgv.dir/images/SGV_12N_27564.TIF,Bild fehlt auf der Festplatte.
449800,https://data.dasch.swiss/resources/449800,,,,,SGV_12N_27565,,sgv.dir/images/SGV_12N_27565.TIF,Bild fehlt auf der Festplatte.
449801,https://data.dasch.swiss/resources/449801,,,,,SGV_12N_27566,,sgv.dir/images/SGV_12N_27566.TIF,Bild fehlt auf der Festplatte.
449802,https://data.dasch.swiss/resources/449802,,,,,SGV_12N_27567,,sgv.dir/images/SGV_12N_27567.TIF,Bild fehlt auf der Festplatte.
449803,https://data.dasch.swiss/resources/449803,,,,,SGV_12N_27568,,sgv.dir/images/SGV_12N_27568.TIF,Bild fehlt auf der Festplatte.
449804,https://data.dasch.swiss/resources/449804,,,,,SGV_12N_27569,,sgv.dir/images/SGV_12N_27569.TIF,Bild fehlt auf der Festplatte.
449805,https://data.dasch.swiss/resources/449805,,,,,SGV_12N_27570,,sgv.dir/images/SGV_12N_27570.TIF,Bild fehlt auf der Festplatte.
449806,https://data.dasch.swiss/resources/449806,,,,,SGV_12N_27571,,sgv.dir/images/SGV_12N_27571.TIF,Bild fehlt auf der Festplatte.
449807,https://data.dasch.swiss/resources/449807,,,,,SGV_12N_27572,,sgv.dir/images/SGV_12N_27572.TIF,Bild fehlt auf der Festplatte.
449808,https://data.dasch.swiss/resources/449808,,,,,SGV_12N_27573,,sgv.dir/images/SGV_12N_27573.TIF,Bild fehlt auf der Festplatte.
449809,https://data.dasch.swiss/resources/449809,,,,,SGV_12N_27574,,sgv.dir/images/SGV_12N_27574.TIF,Bild fehlt auf der Festplatte.
449811,https://data.dasch.swiss/resources/449811,,,,,SGV_12N_27576,,sgv.dir/images/SGV_12N_27576.TIF,Bild fehlt auf der Festplatte.
449812,https://data.dasch.swiss/resources/449812,,,,,SGV_12N_27577,,sgv.dir/images/SGV_12N_27577.TIF,Bild fehlt auf der Festplatte.
449813,https://data.dasch.swiss/resources/449813,,,,,SGV_12N_27578,,sgv.dir/images/SGV_12N_27578.TIF,Bild fehlt auf der Festplatte.
449814,https://data.dasch.swiss/resources/449814,,,,,SGV_12N_27579,,sgv.dir/images/SGV_12N_27579.TIF,Bild fehlt auf der Festplatte.
449815,https://data.dasch.swiss/resources/449815,,,,,SGV_12N_27580,,sgv.dir/images/SGV_12N_27580.TIF,Bild fehlt auf der Festplatte.
449816,https://data.dasch.swiss/resources/449816,,,,,SGV_12N_27581,,sgv.dir/images/SGV_12N_27581.TIF,Bild fehlt auf der Festplatte.
449817,https://data.dasch.swiss/resources/449817,,,,,SGV_12N_27582,,sgv.dir/images/SGV_12N_27582.TIF,Bild fehlt auf der Festplatte.
449818,https://data.dasch.swiss/resources/449818,,,,,SGV_12N_27583,,sgv.dir/images/SGV_12N_27583.TIF,Bild fehlt auf der Festplatte.
449819,https://data.dasch.swiss/resources/449819,,,,,SGV_12N_27584,,sgv.dir/images/SGV_12N_27584.TIF,Bild fehlt auf der Festplatte.
449820,https://data.dasch.swiss/resources/449820,,,,,SGV_12N_27585,,sgv.dir/images/SGV_12N_27585.TIF,Bild fehlt auf der Festplatte.
449822,https://data.dasch.swiss/resources/449822,,,,,SGV_12N_27587,,sgv.dir/images/SGV_12N_27587.TIF,Bild fehlt auf der Festplatte.
449823,https://data.dasch.swiss/resources/449823,,,,,SGV_12N_27588,,sgv.dir/images/SGV_12N_27588.TIF,Bild fehlt auf der Festplatte.
449825,https://data.dasch.swiss/resources/449825,,,,,SGV_12N_27590,,sgv.dir/images/SGV_12N_27590.TIF,Bild fehlt auf der Festplatte.
449826,https://data.dasch.swiss/resources/449826,,,,,SGV_12N_27591,,sgv.dir/images/SGV_12N_27591.TIF,Bild fehlt auf der Festplatte.
449827,https://data.dasch.swiss/resources/449827,,,,,SGV_12N_27592,,sgv.dir/images/SGV_12N_27592.TIF,Bild fehlt auf der Festplatte.
449828,https://data.dasch.swiss/resources/449828,,,,,SGV_12N_27593,,sgv.dir/images/SGV_12N_27593.TIF,Bild fehlt auf der Festplatte.
449829,https://data.dasch.swiss/resources/449829,,,,,SGV_12N_27594,,sgv.dir/images/SGV_12N_27594.TIF,Bild fehlt auf der Festplatte.
449831,https://data.dasch.swiss/resources/449831,,,,,SGV_12N_27596,,sgv.dir/images/SGV_12N_27596.TIF,Bild fehlt auf der Festplatte.
449832,https://data.dasch.swiss/resources/449832,,,,,SGV_12N_27597,,sgv.dir/images/SGV_12N_27597.TIF,Bild fehlt auf der Festplatte.
449833,https://data.dasch.swiss/resources/449833,,,,,SGV_12N_27598,,sgv.dir/images/SGV_12N_27598.TIF,Bild fehlt auf der Festplatte.
449834,https://data.dasch.swiss/resources/449834,,,,,SGV_12N_27599,,sgv.dir/images/SGV_12N_27599.TIF,Bild fehlt auf der Festplatte.
449835,https://data.dasch.swiss/resources/449835,,,,,SGV_12N_27600,,sgv.dir/images/SGV_12N_27600.TIF,Bild fehlt auf der Festplatte.
449836,https://data.dasch.swiss/resources/449836,,,,,SGV_12N_27601,,sgv.dir/images/SGV_12N_27601.TIF,Bild fehlt auf der Festplatte.
449837,https://data.dasch.swiss/resources/449837,,,,,SGV_12N_27602,,sgv.dir/images/SGV_12N_27602.TIF,Bild fehlt auf der Festplatte.
449838,https://data.dasch.swiss/resources/449838,,,,,SGV_12N_27603,,sgv.dir/images/SGV_12N_27603.TIF,Bild fehlt auf der Festplatte.
449840,https://data.dasch.swiss/resources/449840,,,,,SGV_12N_27605,,sgv.dir/images/SGV_12N_27605.TIF,Bild fehlt auf der Festplatte.
449841,https://data.dasch.swiss/resources/449841,,,,,SGV_12N_27606,,sgv.dir/images/SGV_12N_27606.TIF,Bild fehlt auf der Festplatte.
449842,https://data.dasch.swiss/resources/449842,,,,,SGV_12N_27607,,sgv.dir/images/SGV_12N_27607.TIF,Bild fehlt auf der Festplatte.
449843,https://data.dasch.swiss/resources/449843,,,,,SGV_12N_27608,,sgv.dir/images/SGV_12N_27608.TIF,Bild fehlt auf der Festplatte.
449844,https://data.dasch.swiss/resources/449844,,,,,SGV_12N_27609,,sgv.dir/images/SGV_12N_27609.TIF,Bild fehlt auf der Festplatte.
449845,https://data.dasch.swiss/resources/449845,,,,,SGV_12N_27610,,sgv.dir/images/SGV_12N_27610.TIF,Bild fehlt auf der Festplatte.
449846,https://data.dasch.swiss/resources/449846,,,,,SGV_12N_27611,,sgv.dir/images/SGV_12N_27611.TIF,Bild fehlt auf der Festplatte.
449847,https://data.dasch.swiss/resources/449847,,,,,SGV_12N_27612,,sgv.dir/images/SGV_12N_27612.TIF,Bild fehlt auf der Festplatte.
449848,https://data.dasch.swiss/resources/449848,,,,,SGV_12N_27613,,sgv.dir/images/SGV_12N_27613.TIF,Bild fehlt auf der Festplatte.
449849,https://data.dasch.swiss/resources/449849,,,,,SGV_12N_27614,,sgv.dir/images/SGV_12N_27614.TIF,Bild fehlt auf der Festplatte.
449850,https://data.dasch.swiss/resources/449850,,,,,SGV_12N_27615,,sgv.dir/images/SGV_12N_27615.TIF,Bild fehlt auf der Festplatte.
449851,https://data.dasch.swiss/resources/449851,,,,,SGV_12N_27616,,sgv.dir/images/SGV_12N_27616.TIF,Bild fehlt auf der Festplatte.
449852,https://data.dasch.swiss/resources/449852,,,,,SGV_12N_27617,,sgv.dir/images/SGV_12N_27617.TIF,Bild fehlt auf der Festplatte.
449853,https://data.dasch.swiss/resources/449853,,,,,SGV_12N_27618,,sgv.dir/images/SGV_12N_27618.TIF,Bild fehlt auf der Festplatte.
449854,https://data.dasch.swiss/resources/449854,,,,,SGV_12N_27619,,sgv.dir/images/SGV_12N_27619.TIF,Bild fehlt auf der Festplatte.
449855,https://data.dasch.swiss/resources/449855,,,,,SGV_12N_27620,,sgv.dir/images/SGV_12N_27620.TIF,Bild fehlt auf der Festplatte.
449856,https://data.dasch.swiss/resources/449856,,,,,SGV_12N_27621,,sgv.dir/images/SGV_12N_27621.TIF,Bild fehlt auf der Festplatte.
449857,https://data.dasch.swiss/resources/449857,,,,,SGV_12N_27622,,sgv.dir/images/SGV_12N_27622.TIF,Bild fehlt auf der Festplatte.
449858,https://data.dasch.swiss/resources/449858,,,,,SGV_12N_27623,,sgv.dir/images/SGV_12N_27623.TIF,Bild fehlt auf der Festplatte.
449859,https://data.dasch.swiss/resources/449859,,,,,SGV_12N_27624,,sgv.dir/images/SGV_12N_27624.TIF,Bild fehlt auf der Festplatte.
449860,https://data.dasch.swiss/resources/449860,,,,,SGV_12N_27625,,sgv.dir/images/SGV_12N_27625.TIF,Bild fehlt auf der Festplatte.
449861,https://data.dasch.swiss/resources/449861,,,,,SGV_12N_27626,,sgv.dir/images/SGV_12N_27626.TIF,Bild fehlt auf der Festplatte.
449862,https://data.dasch.swiss/resources/449862,,,,,SGV_12N_27627,,sgv.dir/images/SGV_12N_27627.TIF,Bild fehlt auf der Festplatte.
449863,https://data.dasch.swiss/resources/449863,,,,,SGV_12N_27628,,sgv.dir/images/SGV_12N_27628.TIF,Bild fehlt auf der Festplatte.
449864,https://data.dasch.swiss/resources/449864,,,,,SGV_12N_27629,,sgv.dir/images/SGV_12N_27629.TIF,Bild fehlt auf der Festplatte.
449865,https://data.dasch.swiss/resources/449865,,,,,SGV_12N_27630,,sgv.dir/images/SGV_12N_27630.TIF,Bild fehlt auf der Festplatte.
449866,https://data.dasch.swiss/resources/449866,,,,,SGV_12N_27631,,sgv.dir/images/SGV_12N_27631.TIF,Bild fehlt auf der Festplatte.
449867,https://data.dasch.swiss/resources/449867,,,,,SGV_12N_27632,,sgv.dir/images/SGV_12N_27632.TIF,Bild fehlt auf der Festplatte.
449868,https://data.dasch.swiss/resources/449868,,,,,SGV_12N_27633,,sgv.dir/images/SGV_12N_27633.TIF,Bild fehlt auf der Festplatte.
449869,https://data.dasch.swiss/resources/449869,,,,,SGV_12N_27634,,sgv.dir/images/SGV_12N_27634.TIF,Bild fehlt auf der Festplatte.
449870,https://data.dasch.swiss/resources/449870,,,,,SGV_12N_27635,,sgv.dir/images/SGV_12N_27635.TIF,Bild fehlt auf der Festplatte.
449871,https://data.dasch.swiss/resources/449871,,,,,SGV_12N_27636,,sgv.dir/images/SGV_12N_27636.TIF,Bild fehlt auf der Festplatte.
449872,https://data.dasch.swiss/resources/449872,,,,,SGV_12N_27637,,sgv.dir/images/SGV_12N_27637.TIF,Bild fehlt auf der Festplatte.
449873,https://data.dasch.swiss/resources/449873,,,,,SGV_12N_27638,,sgv.dir/images/SGV_12N_27638.TIF,Bild fehlt auf der Festplatte.
449874,https://data.dasch.swiss/resources/449874,,,,,SGV_12N_27639,,sgv.dir/images/SGV_12N_27639.TIF,Bild fehlt auf der Festplatte.
449875,https://data.dasch.swiss/resources/449875,,,,,SGV_12N_27640,,sgv.dir/images/SGV_12N_27640.TIF,Bild fehlt auf der Festplatte.
449876,https://data.dasch.swiss/resources/449876,,,,,SGV_12N_27641,,sgv.dir/images/SGV_12N_27641.TIF,Bild fehlt auf der Festplatte.
449877,https://data.dasch.swiss/resources/449877,,,,,SGV_12N_27642,,sgv.dir/images/SGV_12N_27642.TIF,Bild fehlt auf der Festplatte.
449878,https://data.dasch.swiss/resources/449878,,,,,SGV_12N_27643,,sgv.dir/images/SGV_12N_27643.TIF,Bild fehlt auf der Festplatte.
449879,https://data.dasch.swiss/resources/449879,,,,,SGV_12N_27644,,sgv.dir/images/SGV_12N_27644.TIF,Bild fehlt auf der Festplatte.
449880,https://data.dasch.swiss/resources/449880,,,,,SGV_12N_27645,,sgv.dir/images/SGV_12N_27645.TIF,Bild fehlt auf der Festplatte.
449881,https://data.dasch.swiss/resources/449881,,,,,SGV_12N_27646,,sgv.dir/images/SGV_12N_27646.TIF,Bild fehlt auf der Festplatte.
449882,https://data.dasch.swiss/resources/449882,,,,,SGV_12N_27647,,sgv.dir/images/SGV_12N_27647.TIF,Bild fehlt auf der Festplatte.
449883,https://data.dasch.swiss/resources/449883,,,,,SGV_12N_27648,,sgv.dir/images/SGV_12N_27648.TIF,Bild fehlt auf der Festplatte.
449884,https://data.dasch.swiss/resources/449884,,,,,SGV_12N_27649,,sgv.dir/images/SGV_12N_27649.TIF,Bild fehlt auf der Festplatte.
449885,https://data.dasch.swiss/resources/449885,,,,,SGV_12N_27650,,sgv.dir/images/SGV_12N_27650.TIF,Bild fehlt auf der Festplatte.
449886,https://data.dasch.swiss/resources/449886,,,,,SGV_12N_27651,,sgv.dir/images/SGV_12N_27651.TIF,Bild fehlt auf der Festplatte.
449887,https://data.dasch.swiss/resources/449887,,,,,SGV_12N_27652,,sgv.dir/images/SGV_12N_27652.TIF,Bild fehlt auf der Festplatte.
449888,https://data.dasch.swiss/resources/449888,,,,,SGV_12N_27653,,sgv.dir/images/SGV_12N_27653.TIF,Bild fehlt auf der Festplatte.
449889,https://data.dasch.swiss/resources/449889,,,,,SGV_12N_27654,,sgv.dir/images/SGV_12N_27654.TIF,Bild fehlt auf der Festplatte.
449890,https://data.dasch.swiss/resources/449890,,,,,SGV_12N_27655,,sgv.dir/images/SGV_12N_27655.TIF,Bild fehlt auf der Festplatte.
449891,https://data.dasch.swiss/resources/449891,,,,,SGV_12N_27656,,sgv.dir/images/SGV_12N_27656.TIF,Bild fehlt auf der Festplatte.
449892,https://data.dasch.swiss/resources/449892,,,,,SGV_12N_27657,,sgv.dir/images/SGV_12N_27657.TIF,Bild fehlt auf der Festplatte.
449893,https://data.dasch.swiss/resources/449893,,,,,SGV_12N_27658,,sgv.dir/images/SGV_12N_27658.TIF,Bild fehlt auf der Festplatte.
449894,https://data.dasch.swiss/resources/449894,,,,,SGV_12N_27659,,sgv.dir/images/SGV_12N_27659.TIF,Bild fehlt auf der Festplatte.
449895,https://data.dasch.swiss/resources/449895,,,,,SGV_12N_27660,,sgv.dir/images/SGV_12N_27660.TIF,Bild fehlt auf der Festplatte.
449896,https://data.dasch.swiss/resources/449896,,,,,SGV_12N_27661,,sgv.dir/images/SGV_12N_27661.TIF,Bild fehlt auf der Festplatte.
449897,https://data.dasch.swiss/resources/449897,,,,,SGV_12N_27662,,sgv.dir/images/SGV_12N_27662.TIF,Bild fehlt auf der Festplatte.
449898,https://data.dasch.swiss/resources/449898,,,,,SGV_12N_27663,,sgv.dir/images/SGV_12N_27663.TIF,Bild fehlt auf der Festplatte.
449899,https://data.dasch.swiss/resources/449899,,,,,SGV_12N_27664,,sgv.dir/images/SGV_12N_27664.TIF,Bild fehlt auf der Festplatte.
449900,https://data.dasch.swiss/resources/449900,,,,,SGV_12N_27665,,sgv.dir/images/SGV_12N_27665.TIF,Bild fehlt auf der Festplatte.
449901,https://data.dasch.swiss/resources/449901,,,,,SGV_12N_27666,,sgv.dir/images/SGV_12N_27666.TIF,Bild fehlt auf der Festplatte.
449902,https://data.dasch.swiss/resources/449902,,,,,SGV_12N_27667,,sgv.dir/images/SGV_12N_27667.TIF,Bild fehlt auf der Festplatte.
449903,https://data.dasch.swiss/resources/449903,,,,,SGV_12N_27668,,sgv.dir/images/SGV_12N_27668.TIF,Bild fehlt auf der Festplatte.
449904,https://data.dasch.swiss/resources/449904,,,,,SGV_12N_27669,,sgv.dir/images/SGV_12N_27669.TIF,Bild fehlt auf der Festplatte.
449905,https://data.dasch.swiss/resources/449905,,,,,SGV_12N_27670,,sgv.dir/images/SGV_12N_27670.TIF,Bild fehlt auf der Festplatte.
449907,https://data.dasch.swiss/resources/449907,,,,,SGV_12N_27672,,sgv.dir/images/SGV_12N_27672.TIF,Bild fehlt auf der Festplatte.
449909,https://data.dasch.swiss/resources/449909,,,,,SGV_12N_27674,,sgv.dir/images/SGV_12N_27674.TIF,Bild fehlt auf der Festplatte.
449910,https://data.dasch.swiss/resources/449910,,,,,SGV_12N_27675,,sgv.dir/images/SGV_12N_27675.TIF,Bild fehlt auf der Festplatte.
449912,https://data.dasch.swiss/resources/449912,,,,,SGV_12N_27677,,sgv.dir/images/SGV_12N_27677.TIF,Bild fehlt auf der Festplatte.
449914,https://data.dasch.swiss/resources/449914,,,,,SGV_12N_27679,,sgv.dir/images/SGV_12N_27679.TIF,Bild fehlt auf der Festplatte.
449915,https://data.dasch.swiss/resources/449915,,,,,SGV_12N_27680,,sgv.dir/images/SGV_12N_27680.TIF,Bild fehlt auf der Festplatte.
449916,https://data.dasch.swiss/resources/449916,,,,,SGV_12N_27681,,sgv.dir/images/SGV_12N_27681.TIF,Bild fehlt auf der Festplatte.
449917,https://data.dasch.swiss/resources/449917,,,,,SGV_12N_27682,,sgv.dir/images/SGV_12N_27682.TIF,Bild fehlt auf der Festplatte.
449918,https://data.dasch.swiss/resources/449918,,,,,SGV_12N_27683,,sgv.dir/images/SGV_12N_27683.TIF,Bild fehlt auf der Festplatte.
449919,https://data.dasch.swiss/resources/449919,,,,,SGV_12N_27684,,sgv.dir/images/SGV_12N_27684.TIF,Bild fehlt auf der Festplatte.
449920,https://data.dasch.swiss/resources/449920,,,,,SGV_12N_27685,,sgv.dir/images/SGV_12N_27685.TIF,Bild fehlt auf der Festplatte.
449921,https://data.dasch.swiss/resources/449921,,,,,SGV_12N_27686,,sgv.dir/images/SGV_12N_27686.TIF,Bild fehlt auf der Festplatte.
449922,https://data.dasch.swiss/resources/449922,,,,,SGV_12N_27687,,sgv.dir/images/SGV_12N_27687.TIF,Bild fehlt auf der Festplatte.
449923,https://data.dasch.swiss/resources/449923,,,,,SGV_12N_27688,,sgv.dir/images/SGV_12N_27688.TIF,Bild fehlt auf der Festplatte.
449924,https://data.dasch.swiss/resources/449924,,,,,SGV_12N_27689,,sgv.dir/images/SGV_12N_27689.TIF,Bild fehlt auf der Festplatte.
449925,https://data.dasch.swiss/resources/449925,,,,,SGV_12N_27690,,sgv.dir/images/SGV_12N_27690.TIF,Bild fehlt auf der Festplatte.
449926,https://data.dasch.swiss/resources/449926,,,,,SGV_12N_27691,,sgv.dir/images/SGV_12N_27691.TIF,Bild fehlt auf der Festplatte.
449927,https://data.dasch.swiss/resources/449927,,,,,SGV_12N_27692,,sgv.dir/images/SGV_12N_27692.TIF,Bild fehlt auf der Festplatte.
449928,https://data.dasch.swiss/resources/449928,,,,,SGV_12N_27693,,sgv.dir/images/SGV_12N_27693.TIF,Bild fehlt auf der Festplatte.
449929,https://data.dasch.swiss/resources/449929,,,,,SGV_12N_27694,,sgv.dir/images/SGV_12N_27694.TIF,Bild fehlt auf der Festplatte.
449930,https://data.dasch.swiss/resources/449930,,,,,SGV_12N_27695,,sgv.dir/images/SGV_12N_27695.TIF,Bild fehlt auf der Festplatte.
449931,https://data.dasch.swiss/resources/449931,,,,,SGV_12N_27696,,sgv.dir/images/SGV_12N_27696.TIF,Bild fehlt auf der Festplatte.
449932,https://data.dasch.swiss/resources/449932,,,,,SGV_12N_27697,,sgv.dir/images/SGV_12N_27697.TIF,Bild fehlt auf der Festplatte.
449933,https://data.dasch.swiss/resources/449933,,,,,SGV_12N_27698,,sgv.dir/images/SGV_12N_27698.TIF,Bild fehlt auf der Festplatte.
449934,https://data.dasch.swiss/resources/449934,,,,,SGV_12N_27699,,sgv.dir/images/SGV_12N_27699.TIF,Bild fehlt auf der Festplatte.
449935,https://data.dasch.swiss/resources/449935,,,,,SGV_12N_27700,,sgv.dir/images/SGV_12N_27700.TIF,Bild fehlt auf der Festplatte.
449936,https://data.dasch.swiss/resources/449936,,,,,SGV_12N_27701,,sgv.dir/images/SGV_12N_27701.TIF,Bild fehlt auf der Festplatte.
449937,https://data.dasch.swiss/resources/449937,,,,,SGV_12N_27702,,sgv.dir/images/SGV_12N_27702.TIF,Bild fehlt auf der Festplatte.
449938,https://data.dasch.swiss/resources/449938,,,,,SGV_12N_27703,,sgv.dir/images/SGV_12N_27703.TIF,Bild fehlt auf der Festplatte.
449939,https://data.dasch.swiss/resources/449939,,,,,SGV_12N_27704,,sgv.dir/images/SGV_12N_27704.TIF,Bild fehlt auf der Festplatte.
449940,https://data.dasch.swiss/resources/449940,,,,,SGV_12N_27705,,sgv.dir/images/SGV_12N_27705.TIF,Bild fehlt auf der Festplatte.
449941,https://data.dasch.swiss/resources/449941,,,,,SGV_12N_27706,,sgv.dir/images/SGV_12N_27706.TIF,Bild fehlt auf der Festplatte.
449942,https://data.dasch.swiss/resources/449942,,,,,SGV_12N_27707,,sgv.dir/images/SGV_12N_27707.TIF,Bild fehlt auf der Festplatte.
449943,https://data.dasch.swiss/resources/449943,,,,,SGV_12N_27708,,sgv.dir/images/SGV_12N_27708.TIF,Bild fehlt auf der Festplatte.
449944,https://data.dasch.swiss/resources/449944,,,,,SGV_12N_27709,,sgv.dir/images/SGV_12N_27709.TIF,Bild fehlt auf der Festplatte.
449945,https://data.dasch.swiss/resources/449945,,,,,SGV_12N_27710,,sgv.dir/images/SGV_12N_27710.TIF,Bild fehlt auf der Festplatte.
449946,https://data.dasch.swiss/resources/449946,,,,,SGV_12N_27711,,sgv.dir/images/SGV_12N_27711.TIF,Bild fehlt auf der Festplatte.
449947,https://data.dasch.swiss/resources/449947,,,,,SGV_12N_27712,,sgv.dir/images/SGV_12N_27712.TIF,Bild fehlt auf der Festplatte.
449948,https://data.dasch.swiss/resources/449948,,,,,SGV_12N_27713,,sgv.dir/images/SGV_12N_27713.TIF,Bild fehlt auf der Festplatte.
449950,https://data.dasch.swiss/resources/449950,,,,,SGV_12N_27715,,sgv.dir/images/SGV_12N_27715.TIF,Bild fehlt auf der Festplatte.
449951,https://data.dasch.swiss/resources/449951,,,,,SGV_12N_27716,,sgv.dir/images/SGV_12N_27716.TIF,Bild fehlt auf der Festplatte.
449952,https://data.dasch.swiss/resources/449952,,,,,SGV_12N_27717,,sgv.dir/images/SGV_12N_27717.TIF,Bild fehlt auf der Festplatte.
449953,https://data.dasch.swiss/resources/449953,,,,,SGV_12N_27718,,sgv.dir/images/SGV_12N_27718.TIF,Bild fehlt auf der Festplatte.
449954,https://data.dasch.swiss/resources/449954,,,,,SGV_12N_27719,,sgv.dir/images/SGV_12N_27719.TIF,Bild fehlt auf der Festplatte.
449955,https://data.dasch.swiss/resources/449955,,,,,SGV_12N_27720,,sgv.dir/images/SGV_12N_27720.TIF,Bild fehlt auf der Festplatte.
449956,https://data.dasch.swiss/resources/449956,,,,,SGV_12N_27721,,sgv.dir/images/SGV_12N_27721.TIF,Bild fehlt auf der Festplatte.
449957,https://data.dasch.swiss/resources/449957,,,,,SGV_12N_27722,,sgv.dir/images/SGV_12N_27722.TIF,Bild fehlt auf der Festplatte.
449958,https://data.dasch.swiss/resources/449958,,,,,SGV_12N_27723,,sgv.dir/images/SGV_12N_27723.TIF,Bild fehlt auf der Festplatte.
449959,https://data.dasch.swiss/resources/449959,,,,,SGV_12N_27724,,sgv.dir/images/SGV_12N_27724.TIF,Bild fehlt auf der Festplatte.
449960,https://data.dasch.swiss/resources/449960,,,,,SGV_12N_27725,,sgv.dir/images/SGV_12N_27725.TIF,Bild fehlt auf der Festplatte.
449961,https://data.dasch.swiss/resources/449961,,,,,SGV_12N_27726,,sgv.dir/images/SGV_12N_27726.TIF,Bild fehlt auf der Festplatte.
449963,https://data.dasch.swiss/resources/449963,,,,,SGV_12N_27728,,sgv.dir/images/SGV_12N_27728.TIF,Bild fehlt auf der Festplatte.
449964,https://data.dasch.swiss/resources/449964,,,,,SGV_12N_27729,,sgv.dir/images/SGV_12N_27729.TIF,Bild fehlt auf der Festplatte.
449967,https://data.dasch.swiss/resources/449967,,,,,SGV_12N_27732,,sgv.dir/images/SGV_12N_27732.TIF,Bild fehlt auf der Festplatte.
449968,https://data.dasch.swiss/resources/449968,,,,,SGV_12N_27733,,sgv.dir/images/SGV_12N_27733.TIF,Bild fehlt auf der Festplatte.
449969,https://data.dasch.swiss/resources/449969,,,,,SGV_12N_27734,,sgv.dir/images/SGV_12N_27734.TIF,Bild fehlt auf der Festplatte.
449970,https://data.dasch.swiss/resources/449970,,,,,SGV_12N_27735,,sgv.dir/images/SGV_12N_27735.TIF,Bild fehlt auf der Festplatte.
449971,https://data.dasch.swiss/resources/449971,,,,,SGV_12N_27736,,sgv.dir/images/SGV_12N_27736.TIF,Bild fehlt auf der Festplatte.
449972,https://data.dasch.swiss/resources/449972,,,,,SGV_12N_27737,,sgv.dir/images/SGV_12N_27737.TIF,Bild fehlt auf der Festplatte.
449973,https://data.dasch.swiss/resources/449973,,,,,SGV_12N_27738,,sgv.dir/images/SGV_12N_27738.TIF,Bild fehlt auf der Festplatte.
449974,https://data.dasch.swiss/resources/449974,,,,,SGV_12N_27739,,sgv.dir/images/SGV_12N_27739.TIF,Bild fehlt auf der Festplatte.
449975,https://data.dasch.swiss/resources/449975,,,,,SGV_12N_27740,,sgv.dir/images/SGV_12N_27740.TIF,Bild fehlt auf der Festplatte.
449976,https://data.dasch.swiss/resources/449976,,,,,SGV_12N_27741,,sgv.dir/images/SGV_12N_27741.TIF,Bild fehlt auf der Festplatte.
449977,https://data.dasch.swiss/resources/449977,,,,,SGV_12N_27742,,sgv.dir/images/SGV_12N_27742.TIF,Bild fehlt auf der Festplatte.
449978,https://data.dasch.swiss/resources/449978,,,,,SGV_12N_27743,,sgv.dir/images/SGV_12N_27743.TIF,Bild fehlt auf der Festplatte.
449979,https://data.dasch.swiss/resources/449979,,,,,SGV_12N_27744,,sgv.dir/images/SGV_12N_27744.TIF,Bild fehlt auf der Festplatte.
449980,https://data.dasch.swiss/resources/449980,,,,,SGV_12N_27745,,sgv.dir/images/SGV_12N_27745.TIF,Bild fehlt auf der Festplatte.
449981,https://data.dasch.swiss/resources/449981,,,,,SGV_12N_27746,,sgv.dir/images/SGV_12N_27746.TIF,Bild fehlt auf der Festplatte.
449982,https://data.dasch.swiss/resources/449982,,,,,SGV_12N_27747,,sgv.dir/images/SGV_12N_27747.TIF,Bild fehlt auf der Festplatte.
449983,https://data.dasch.swiss/resources/449983,,,,,SGV_12N_27748,,sgv.dir/images/SGV_12N_27748.TIF,Bild fehlt auf der Festplatte.
449984,https://data.dasch.swiss/resources/449984,,,,,SGV_12N_27749,,sgv.dir/images/SGV_12N_27749.TIF,Bild fehlt auf der Festplatte.
449985,https://data.dasch.swiss/resources/449985,,,,,SGV_12N_27750,,sgv.dir/images/SGV_12N_27750.TIF,Bild fehlt auf der Festplatte.
449986,https://data.dasch.swiss/resources/449986,,,,,SGV_12N_27751,,sgv.dir/images/SGV_12N_27751.TIF,Bild fehlt auf der Festplatte.
449987,https://data.dasch.swiss/resources/449987,,,,,SGV_12N_27752,,sgv.dir/images/SGV_12N_27752.TIF,Bild fehlt auf der Festplatte.
449988,https://data.dasch.swiss/resources/449988,,,,,SGV_12N_27753,,sgv.dir/images/SGV_12N_27753.TIF,Bild fehlt auf der Festplatte.
449989,https://data.dasch.swiss/resources/449989,,,,,SGV_12N_27754,,sgv.dir/images/SGV_12N_27754.TIF,Bild fehlt auf der Festplatte.
449990,https://data.dasch.swiss/resources/449990,,,,,SGV_12N_27755,,sgv.dir/images/SGV_12N_27755.TIF,Bild fehlt auf der Festplatte.
449991,https://data.dasch.swiss/resources/449991,,,,,SGV_12N_27756,,sgv.dir/images/SGV_12N_27756.TIF,Bild fehlt auf der Festplatte.
449992,https://data.dasch.swiss/resources/449992,,,,,SGV_12N_27757,,sgv.dir/images/SGV_12N_27757.TIF,Bild fehlt auf der Festplatte.
449993,https://data.dasch.swiss/resources/449993,,,,,SGV_12N_27758,,sgv.dir/images/SGV_12N_27758.TIF,Bild fehlt auf der Festplatte.
449994,https://data.dasch.swiss/resources/449994,,,,,SGV_12N_27759,,sgv.dir/images/SGV_12N_27759.TIF,Bild fehlt auf der Festplatte.
449995,https://data.dasch.swiss/resources/449995,,,,,SGV_12N_27760,,sgv.dir/images/SGV_12N_27760.TIF,Bild fehlt auf der Festplatte.
449996,https://data.dasch.swiss/resources/449996,,,,,SGV_12N_27761,,sgv.dir/images/SGV_12N_27761.TIF,Bild fehlt auf der Festplatte.
449997,https://data.dasch.swiss/resources/449997,,,,,SGV_12N_27762,,sgv.dir/images/SGV_12N_27762.TIF,Bild fehlt auf der Festplatte.
449998,https://data.dasch.swiss/resources/449998,,,,,SGV_12N_27763,,sgv.dir/images/SGV_12N_27763.TIF,Bild fehlt auf der Festplatte.
449999,https://data.dasch.swiss/resources/449999,,,,,SGV_12N_27764,,sgv.dir/images/SGV_12N_27764.TIF,Bild fehlt auf der Festplatte.
450000,https://data.dasch.swiss/resources/450000,,,,,SGV_12N_27765,,sgv.dir/images/SGV_12N_27765.TIF,Bild fehlt auf der Festplatte.
450001,https://data.dasch.swiss/resources/450001,,,,,SGV_12N_27766,,sgv.dir/images/SGV_12N_27766.TIF,Bild fehlt auf der Festplatte.
450002,https://data.dasch.swiss/resources/450002,,,,,SGV_12N_27767,,sgv.dir/images/SGV_12N_27767.TIF,Bild fehlt auf der Festplatte.
450003,https://data.dasch.swiss/resources/450003,,,,,SGV_12N_27768,,sgv.dir/images/SGV_12N_27768.TIF,Bild fehlt auf der Festplatte.
450004,https://data.dasch.swiss/resources/450004,,,,,SGV_12N_27769,,sgv.dir/images/SGV_12N_27769.TIF,Bild fehlt auf der Festplatte.
450005,https://data.dasch.swiss/resources/450005,,,,,SGV_12N_27770,,sgv.dir/images/SGV_12N_27770.TIF,Bild fehlt auf der Festplatte.
450006,https://data.dasch.swiss/resources/450006,,,,,SGV_12N_27771,,sgv.dir/images/SGV_12N_27771.TIF,Bild fehlt auf der Festplatte.
450008,https://data.dasch.swiss/resources/450008,,,,,SGV_12N_27773,,sgv.dir/images/SGV_12N_27773.TIF,Bild fehlt auf der Festplatte.
450009,https://data.dasch.swiss/resources/450009,,,,,SGV_12N_27774,,sgv.dir/images/SGV_12N_27774.TIF,Bild fehlt auf der Festplatte.
450011,https://data.dasch.swiss/resources/450011,,,,,SGV_12N_27776,,sgv.dir/images/SGV_12N_27776.TIF,Bild fehlt auf der Festplatte.
450012,https://data.dasch.swiss/resources/450012,,,,,SGV_12N_27777,,sgv.dir/images/SGV_12N_27777.TIF,Bild fehlt auf der Festplatte.
450013,https://data.dasch.swiss/resources/450013,,,,,SGV_12N_27778,,sgv.dir/images/SGV_12N_27778.TIF,Bild fehlt auf der Festplatte.
450014,https://data.dasch.swiss/resources/450014,,,,,SGV_12N_27779,,sgv.dir/images/SGV_12N_27779.TIF,Bild fehlt auf der Festplatte.
450015,https://data.dasch.swiss/resources/450015,,,,,SGV_12N_27780,,sgv.dir/images/SGV_12N_27780.TIF,Bild fehlt auf der Festplatte.
450018,https://data.dasch.swiss/resources/450018,,,,,SGV_12N_27783,,sgv.dir/images/SGV_12N_27783.TIF,Bild fehlt auf der Festplatte.
450019,https://data.dasch.swiss/resources/450019,,,,,SGV_12N_27784,,sgv.dir/images/SGV_12N_27784.TIF,Bild fehlt auf der Festplatte.
450020,https://data.dasch.swiss/resources/450020,,,,,SGV_12N_27785,,sgv.dir/images/SGV_12N_27785.TIF,Bild fehlt auf der Festplatte.
450022,https://data.dasch.swiss/resources/450022,,,,,SGV_12N_27787,,sgv.dir/images/SGV_12N_27787.TIF,Bild fehlt auf der Festplatte.
450024,https://data.dasch.swiss/resources/450024,,,,,SGV_12N_27789,,sgv.dir/images/SGV_12N_27789.TIF,Bild fehlt auf der Festplatte.
450025,https://data.dasch.swiss/resources/450025,,,,,SGV_12N_27790,,sgv.dir/images/SGV_12N_27790.TIF,Bild fehlt auf der Festplatte.
450026,https://data.dasch.swiss/resources/450026,,,,,SGV_12N_27791,,sgv.dir/images/SGV_12N_27791.TIF,Bild fehlt auf der Festplatte.
450027,https://data.dasch.swiss/resources/450027,,,,,SGV_12N_27792,,sgv.dir/images/SGV_12N_27792.TIF,Bild fehlt auf der Festplatte.
450028,https://data.dasch.swiss/resources/450028,,,,,SGV_12N_27793,,sgv.dir/images/SGV_12N_27793.TIF,Bild fehlt auf der Festplatte.
450029,https://data.dasch.swiss/resources/450029,,,,,SGV_12N_27794,,sgv.dir/images/SGV_12N_27794.TIF,Bild fehlt auf der Festplatte.
450030,https://data.dasch.swiss/resources/450030,,,,,SGV_12N_27795,,sgv.dir/images/SGV_12N_27795.TIF,Bild fehlt auf der Festplatte.
450031,https://data.dasch.swiss/resources/450031,,,,,SGV_12N_27796,,sgv.dir/images/SGV_12N_27796.TIF,Bild fehlt auf der Festplatte.
450032,https://data.dasch.swiss/resources/450032,,,,,SGV_12N_27797,,sgv.dir/images/SGV_12N_27797.TIF,Bild fehlt auf der Festplatte.
450033,https://data.dasch.swiss/resources/450033,,,,,SGV_12N_27798,,sgv.dir/images/SGV_12N_27798.TIF,Bild fehlt auf der Festplatte.
450034,https://data.dasch.swiss/resources/450034,,,,,SGV_12N_27799,,sgv.dir/images/SGV_12N_27799.TIF,Bild fehlt auf der Festplatte.
450035,https://data.dasch.swiss/resources/450035,,,,,SGV_12N_27800,,sgv.dir/images/SGV_12N_27800.TIF,Bild fehlt auf der Festplatte.
450036,https://data.dasch.swiss/resources/450036,,,,,SGV_12N_27801,,sgv.dir/images/SGV_12N_27801.TIF,Bild fehlt auf der Festplatte.
450038,https://data.dasch.swiss/resources/450038,,,,,SGV_12N_27803,,sgv.dir/images/SGV_12N_27803.TIF,Bild fehlt auf der Festplatte.
450039,https://data.dasch.swiss/resources/450039,,,,,SGV_12N_27804,,sgv.dir/images/SGV_12N_27804.TIF,Bild fehlt auf der Festplatte.
450042,https://data.dasch.swiss/resources/450042,,,,,SGV_12N_27807,,sgv.dir/images/SGV_12N_27807.TIF,Bild fehlt auf der Festplatte.
450043,https://data.dasch.swiss/resources/450043,,,,,SGV_12N_27808,,sgv.dir/images/SGV_12N_27808.TIF,Bild fehlt auf der Festplatte.
450044,https://data.dasch.swiss/resources/450044,,,,,SGV_12N_27809,,sgv.dir/images/SGV_12N_27809.TIF,Bild fehlt auf der Festplatte.
450045,https://data.dasch.swiss/resources/450045,,,,,SGV_12N_27810,,sgv.dir/images/SGV_12N_27810.TIF,Bild fehlt auf der Festplatte.
450046,https://data.dasch.swiss/resources/450046,,,,,SGV_12N_27811,,sgv.dir/images/SGV_12N_27811.TIF,Bild fehlt auf der Festplatte.
450047,https://data.dasch.swiss/resources/450047,,,,,SGV_12N_27812,,sgv.dir/images/SGV_12N_27812.TIF,Bild fehlt auf der Festplatte.
450048,https://data.dasch.swiss/resources/450048,,,,,SGV_12N_27813,,sgv.dir/images/SGV_12N_27813.TIF,Bild fehlt auf der Festplatte.
450049,https://data.dasch.swiss/resources/450049,,,,,SGV_12N_27814,,sgv.dir/images/SGV_12N_27814.TIF,Bild fehlt auf der Festplatte.
450051,https://data.dasch.swiss/resources/450051,,,,,SGV_12N_27816,,sgv.dir/images/SGV_12N_27816.TIF,Bild fehlt auf der Festplatte.
450052,https://data.dasch.swiss/resources/450052,,,,,SGV_12N_27817,,sgv.dir/images/SGV_12N_27817.TIF,Bild fehlt auf der Festplatte.
450054,https://data.dasch.swiss/resources/450054,,,,,SGV_12N_27819,,sgv.dir/images/SGV_12N_27819.TIF,Bild fehlt auf der Festplatte.
450055,https://data.dasch.swiss/resources/450055,,,,,SGV_12N_27820,,sgv.dir/images/SGV_12N_27820.TIF,Bild fehlt auf der Festplatte.
450056,https://data.dasch.swiss/resources/450056,,,,,SGV_12N_27821,,sgv.dir/images/SGV_12N_27821.TIF,Bild fehlt auf der Festplatte.
450057,https://data.dasch.swiss/resources/450057,,,,,SGV_12N_27822,,sgv.dir/images/SGV_12N_27822.TIF,Bild fehlt auf der Festplatte.
450060,https://data.dasch.swiss/resources/450060,,,,,SGV_12N_27825,,sgv.dir/images/SGV_12N_27825.TIF,Bild fehlt auf der Festplatte.
450061,https://data.dasch.swiss/resources/450061,,,,,SGV_12N_27826,,sgv.dir/images/SGV_12N_27826.TIF,Bild fehlt auf der Festplatte.
450062,https://data.dasch.swiss/resources/450062,,,,,SGV_12N_27827,,sgv.dir/images/SGV_12N_27827.TIF,Bild fehlt auf der Festplatte.
450063,https://data.dasch.swiss/resources/450063,,,,,SGV_12N_27828,,sgv.dir/images/SGV_12N_27828.TIF,Bild fehlt auf der Festplatte.
450064,https://data.dasch.swiss/resources/450064,,,,,SGV_12N_27829,,sgv.dir/images/SGV_12N_27829.TIF,Bild fehlt auf der Festplatte.
450065,https://data.dasch.swiss/resources/450065,,,,,SGV_12N_27830,,sgv.dir/images/SGV_12N_27830.TIF,Bild fehlt auf der Festplatte.
450066,https://data.dasch.swiss/resources/450066,,,,,SGV_12N_27831,,sgv.dir/images/SGV_12N_27831.TIF,Bild fehlt auf der Festplatte.
450067,https://data.dasch.swiss/resources/450067,,,,,SGV_12N_27832,,sgv.dir/images/SGV_12N_27832.TIF,Bild fehlt auf der Festplatte.
450068,https://data.dasch.swiss/resources/450068,,,,,SGV_12N_27833,,sgv.dir/images/SGV_12N_27833.TIF,Bild fehlt auf der Festplatte.
450070,https://data.dasch.swiss/resources/450070,,,,,SGV_12N_27835,,sgv.dir/images/SGV_12N_27835.TIF,Bild fehlt auf der Festplatte.
450071,https://data.dasch.swiss/resources/450071,,,,,SGV_12N_27836,,sgv.dir/images/SGV_12N_27836.TIF,Bild fehlt auf der Festplatte.
450072,https://data.dasch.swiss/resources/450072,,,,,SGV_12N_27837,,sgv.dir/images/SGV_12N_27837.TIF,Bild fehlt auf der Festplatte.
450073,https://data.dasch.swiss/resources/450073,,,,,SGV_12N_27838,,sgv.dir/images/SGV_12N_27838.TIF,Bild fehlt auf der Festplatte.
450081,https://data.dasch.swiss/resources/450081,,,,,SGV_12N_27846,,sgv.dir/images/SGV_12N_27846.TIF,Bild fehlt auf der Festplatte.
450086,https://data.dasch.swiss/resources/450086,,,,,SGV_12N_27851,,sgv.dir/images/SGV_12N_27851.TIF,Bild fehlt auf der Festplatte.
450089,https://data.dasch.swiss/resources/450089,,,,,SGV_12N_27854,,sgv.dir/images/SGV_12N_27854.TIF,Bild fehlt auf der Festplatte.
450092,https://data.dasch.swiss/resources/450092,,,,,SGV_12N_27857,,sgv.dir/images/SGV_12N_27857.TIF,Bild fehlt auf der Festplatte.
450095,https://data.dasch.swiss/resources/450095,,,,,SGV_12N_27860,,sgv.dir/images/SGV_12N_27860.TIF,Bild fehlt auf der Festplatte.
450099,https://data.dasch.swiss/resources/450099,,,,,SGV_12N_27864,,sgv.dir/images/SGV_12N_27864.TIF,Bild fehlt auf der Festplatte.
450101,https://data.dasch.swiss/resources/450101,,,,,SGV_12N_27866,,sgv.dir/images/SGV_12N_27866.TIF,Bild fehlt auf der Festplatte.
450102,https://data.dasch.swiss/resources/450102,,,,,SGV_12N_27867,,sgv.dir/images/SGV_12N_27867.TIF,Bild fehlt auf der Festplatte.
450103,https://data.dasch.swiss/resources/450103,,,,,SGV_12N_27868,,sgv.dir/images/SGV_12N_27868.TIF,Bild fehlt auf der Festplatte.
450104,https://data.dasch.swiss/resources/450104,,,,,SGV_12N_27869,,sgv.dir/images/SGV_12N_27869.TIF,Bild fehlt auf der Festplatte.
450127,https://data.dasch.swiss/resources/450127,,,,,SGV_12N_27892,,sgv.dir/images/SGV_12N_27892.TIF,Bild fehlt auf der Festplatte.
450128,https://data.dasch.swiss/resources/450128,,,,,SGV_12N_27893,,sgv.dir/images/SGV_12N_27893.TIF,Bild fehlt auf der Festplatte.
450129,https://data.dasch.swiss/resources/450129,,,,,SGV_12N_27894,,sgv.dir/images/SGV_12N_27894.TIF,Bild fehlt auf der Festplatte.
450130,https://data.dasch.swiss/resources/450130,,,,,SGV_12N_27895,,sgv.dir/images/SGV_12N_27895.TIF,Bild fehlt auf der Festplatte.
450132,https://data.dasch.swiss/resources/450132,,,,,SGV_12N_27897,,sgv.dir/images/SGV_12N_27897.TIF,Bild fehlt auf der Festplatte.
450133,https://data.dasch.swiss/resources/450133,,,,,SGV_12N_27898,,sgv.dir/images/SGV_12N_27898.TIF,Bild fehlt auf der Festplatte.
450134,https://data.dasch.swiss/resources/450134,,,,,SGV_12N_27899,,sgv.dir/images/SGV_12N_27899.TIF,Bild fehlt auf der Festplatte.
450135,https://data.dasch.swiss/resources/450135,,,,,SGV_12N_27900,,sgv.dir/images/SGV_12N_27900.TIF,Bild fehlt auf der Festplatte.
450136,https://data.dasch.swiss/resources/450136,,,,,SGV_12N_27901,,sgv.dir/images/SGV_12N_27901.TIF,Bild fehlt auf der Festplatte.
450137,https://data.dasch.swiss/resources/450137,,,,,SGV_12N_27902,,sgv.dir/images/SGV_12N_27902.TIF,Bild fehlt auf der Festplatte.
450138,https://data.dasch.swiss/resources/450138,,,,,SGV_12N_27903,,sgv.dir/images/SGV_12N_27903.TIF,Bild fehlt auf der Festplatte.
450141,https://data.dasch.swiss/resources/450141,,,,,SGV_12N_27906,,sgv.dir/images/SGV_12N_27906.TIF,Bild fehlt auf der Festplatte.
450146,https://data.dasch.swiss/resources/450146,,,,,SGV_12N_27911,,sgv.dir/images/SGV_12N_27911.TIF,Bild fehlt auf der Festplatte.
450147,https://data.dasch.swiss/resources/450147,,,,,SGV_12N_27912,,sgv.dir/images/SGV_12N_27912.TIF,Bild fehlt auf der Festplatte.
450148,https://data.dasch.swiss/resources/450148,,,,,SGV_12N_27913,,sgv.dir/images/SGV_12N_27913.TIF,Bild fehlt auf der Festplatte.
450149,https://data.dasch.swiss/resources/450149,,,,,SGV_12N_27914,,sgv.dir/images/SGV_12N_27914.TIF,Bild fehlt auf der Festplatte.
450151,https://data.dasch.swiss/resources/450151,,,,,SGV_12N_27916,,sgv.dir/images/SGV_12N_27916.TIF,Bild fehlt auf der Festplatte.
450152,https://data.dasch.swiss/resources/450152,,,,,SGV_12N_27917,,sgv.dir/images/SGV_12N_27917.TIF,Bild fehlt auf der Festplatte.
450154,https://data.dasch.swiss/resources/450154,,,,,SGV_12N_27919,,sgv.dir/images/SGV_12N_27919.TIF,Bild fehlt auf der Festplatte.
450155,https://data.dasch.swiss/resources/450155,,,,,SGV_12N_27920,,sgv.dir/images/SGV_12N_27920.TIF,Bild fehlt auf der Festplatte.
450156,https://data.dasch.swiss/resources/450156,,,,,SGV_12N_27921,,sgv.dir/images/SGV_12N_27921.TIF,Bild fehlt auf der Festplatte.
450163,https://data.dasch.swiss/resources/450163,,,,,SGV_12N_27928,,sgv.dir/images/SGV_12N_27928.TIF,Bild fehlt auf der Festplatte.
450165,https://data.dasch.swiss/resources/450165,,,,,SGV_12N_27930,,sgv.dir/images/SGV_12N_27930.TIF,Bild fehlt auf der Festplatte.
450166,https://data.dasch.swiss/resources/450166,,,,,SGV_12N_27931,,sgv.dir/images/SGV_12N_27931.TIF,Bild fehlt auf der Festplatte.
450171,https://data.dasch.swiss/resources/450171,,,,,SGV_12N_27936,,sgv.dir/images/SGV_12N_27936.TIF,Bild fehlt auf der Festplatte.
450173,https://data.dasch.swiss/resources/450173,,,,,SGV_12N_27938,,sgv.dir/images/SGV_12N_27938.TIF,Bild fehlt auf der Festplatte.
450178,https://data.dasch.swiss/resources/450178,,,,,SGV_12N_27943,,sgv.dir/images/SGV_12N_27943.TIF,Bild fehlt auf der Festplatte.
450179,https://data.dasch.swiss/resources/450179,,,,,SGV_12N_27944,,sgv.dir/images/SGV_12N_27944.TIF,Bild fehlt auf der Festplatte.
450180,https://data.dasch.swiss/resources/450180,,,,,SGV_12N_27945,,sgv.dir/images/SGV_12N_27945.TIF,Bild fehlt auf der Festplatte.
450182,https://data.dasch.swiss/resources/450182,,,,,SGV_12N_27947,,sgv.dir/images/SGV_12N_27947.TIF,Bild fehlt auf der Festplatte.
450183,https://data.dasch.swiss/resources/450183,,,,,SGV_12N_27948,,sgv.dir/images/SGV_12N_27948.TIF,Bild fehlt auf der Festplatte.
450184,https://data.dasch.swiss/resources/450184,,,,,SGV_12N_27949,,sgv.dir/images/SGV_12N_27949.TIF,Bild fehlt auf der Festplatte.
450191,https://data.dasch.swiss/resources/450191,,,,,SGV_12N_27956,,sgv.dir/images/SGV_12N_27956.TIF,Bild fehlt auf der Festplatte.
450192,https://data.dasch.swiss/resources/450192,,,,,SGV_12N_27957,,sgv.dir/images/SGV_12N_27957.TIF,Bild fehlt auf der Festplatte.
450193,https://data.dasch.swiss/resources/450193,,,,,SGV_12N_27958,,sgv.dir/images/SGV_12N_27958.TIF,Bild fehlt auf der Festplatte.
450194,https://data.dasch.swiss/resources/450194,,,,,SGV_12N_27959,,sgv.dir/images/SGV_12N_27959.TIF,Bild fehlt auf der Festplatte.
450195,https://data.dasch.swiss/resources/450195,,,,,SGV_12N_27960,,sgv.dir/images/SGV_12N_27960.TIF,Bild fehlt auf der Festplatte.
450196,https://data.dasch.swiss/resources/450196,,,,,SGV_12N_27961,,sgv.dir/images/SGV_12N_27961.TIF,Bild fehlt auf der Festplatte.
450197,https://data.dasch.swiss/resources/450197,,,,,SGV_12N_27962,,sgv.dir/images/SGV_12N_27962.TIF,Bild fehlt auf der Festplatte.
450198,https://data.dasch.swiss/resources/450198,,,,,SGV_12N_27963,,sgv.dir/images/SGV_12N_27963.TIF,Bild fehlt auf der Festplatte.
450203,https://data.dasch.swiss/resources/450203,,,,,SGV_12N_27968,,sgv.dir/images/SGV_12N_27968.TIF,Bild fehlt auf der Festplatte.
450208,https://data.dasch.swiss/resources/450208,,,,,SGV_12N_27973,,sgv.dir/images/SGV_12N_27973.TIF,Bild fehlt auf der Festplatte.
450209,https://data.dasch.swiss/resources/450209,,,,,SGV_12N_27974,,sgv.dir/images/SGV_12N_27974.TIF,Bild fehlt auf der Festplatte.
450210,https://data.dasch.swiss/resources/450210,,,,,SGV_12N_27975,,sgv.dir/images/SGV_12N_27975.TIF,Bild fehlt auf der Festplatte.
450211,https://data.dasch.swiss/resources/450211,,,,,SGV_12N_27976,,sgv.dir/images/SGV_12N_27976.TIF,Bild fehlt auf der Festplatte.
450212,https://data.dasch.swiss/resources/450212,,,,,SGV_12N_27977,,sgv.dir/images/SGV_12N_27977.TIF,Bild fehlt auf der Festplatte.
450213,https://data.dasch.swiss/resources/450213,,,,,SGV_12N_27978,,sgv.dir/images/SGV_12N_27978.TIF,Bild fehlt auf der Festplatte.
450214,https://data.dasch.swiss/resources/450214,,,,,SGV_12N_27979,,sgv.dir/images/SGV_12N_27979.TIF,Bild fehlt auf der Festplatte.
450215,https://data.dasch.swiss/resources/450215,,,,,SGV_12N_27980,,sgv.dir/images/SGV_12N_27980.TIF,Bild fehlt auf der Festplatte.
450216,https://data.dasch.swiss/resources/450216,,,,,SGV_12N_27981,,sgv.dir/images/SGV_12N_27981.TIF,Bild fehlt auf der Festplatte.
450229,https://data.dasch.swiss/resources/450229,,,,,SGV_12N_27994,,sgv.dir/images/SGV_12N_27994.TIF,Bild fehlt auf der Festplatte.
450230,https://data.dasch.swiss/resources/450230,,,,,SGV_12N_27995,,sgv.dir/images/SGV_12N_27995.TIF,Bild fehlt auf der Festplatte.
450234,https://data.dasch.swiss/resources/450234,,,,,SGV_12N_27999,,sgv.dir/images/SGV_12N_27999.TIF,Bild fehlt auf der Festplatte.
450235,https://data.dasch.swiss/resources/450235,,,,,SGV_12N_28000,,sgv.dir/images/SGV_12N_28000.TIF,Bild fehlt auf der Festplatte.
450237,https://data.dasch.swiss/resources/450237,,,,,SGV_12N_28002,,sgv.dir/images/SGV_12N_28002.TIF,Bild fehlt auf der Festplatte.
450239,https://data.dasch.swiss/resources/450239,,,,,SGV_12N_28004,,sgv.dir/images/SGV_12N_28004.TIF,Bild fehlt auf der Festplatte.
450244,https://data.dasch.swiss/resources/450244,,,,,SGV_12N_28009,,sgv.dir/images/SGV_12N_28009.TIF,Bild fehlt auf der Festplatte.
450246,https://data.dasch.swiss/resources/450246,,,,,SGV_12N_28011,,sgv.dir/images/SGV_12N_28011.TIF,Bild fehlt auf der Festplatte.
450253,https://data.dasch.swiss/resources/450253,,,,,SGV_12N_28018,,sgv.dir/images/SGV_12N_28018.TIF,Bild fehlt auf der Festplatte.
450257,https://data.dasch.swiss/resources/450257,,,,,SGV_12N_28022,,sgv.dir/images/SGV_12N_28022.TIF,Bild fehlt auf der Festplatte.
450269,https://data.dasch.swiss/resources/450269,,,,,SGV_12N_28034,,sgv.dir/images/SGV_12N_28034.TIF,Bild fehlt auf der Festplatte.
450287,https://data.dasch.swiss/resources/450287,,,,,SGV_12N_28052,,sgv.dir/images/SGV_12N_28052.TIF,Bild fehlt auf der Festplatte.
450289,https://data.dasch.swiss/resources/450289,,,,,SGV_12N_28054,,sgv.dir/images/SGV_12N_28054.TIF,Bild fehlt auf der Festplatte.
450291,https://data.dasch.swiss/resources/450291,,,,,SGV_12N_28056,,sgv.dir/images/SGV_12N_28056.TIF,Bild fehlt auf der Festplatte.
450325,https://data.dasch.swiss/resources/450325,,,,,SGV_12N_28090,,sgv.dir/images/SGV_12N_28090.TIF,Bild fehlt auf der Festplatte.
450326,https://data.dasch.swiss/resources/450326,,,,,SGV_12N_28091,,sgv.dir/images/SGV_12N_28091.TIF,Bild fehlt auf der Festplatte.
450327,https://data.dasch.swiss/resources/450327,,,,,SGV_12N_28092,,sgv.dir/images/SGV_12N_28092.TIF,Bild fehlt auf der Festplatte.
450328,https://data.dasch.swiss/resources/450328,,,,,SGV_12N_28093,,sgv.dir/images/SGV_12N_28093.TIF,Bild fehlt auf der Festplatte.
450329,https://data.dasch.swiss/resources/450329,,,,,SGV_12N_28094,,sgv.dir/images/SGV_12N_28094.TIF,Bild fehlt auf der Festplatte.
450336,https://data.dasch.swiss/resources/450336,,,,,SGV_12N_28101,,sgv.dir/images/SGV_12N_28101.TIF,Bild fehlt auf der Festplatte.
450340,https://data.dasch.swiss/resources/450340,,,,,SGV_12N_28105,,sgv.dir/images/SGV_12N_28105.TIF,Bild fehlt auf der Festplatte.
450346,https://data.dasch.swiss/resources/450346,,,,,SGV_12N_28111,,sgv.dir/images/SGV_12N_28111.TIF,Bild fehlt auf der Festplatte.
450347,https://data.dasch.swiss/resources/450347,,,,,SGV_12N_28112,,sgv.dir/images/SGV_12N_28112.TIF,Bild fehlt auf der Festplatte.
450349,https://data.dasch.swiss/resources/450349,,,,,SGV_12N_28114,,sgv.dir/images/SGV_12N_28114.TIF,Bild fehlt auf der Festplatte.
450350,https://data.dasch.swiss/resources/450350,,,,,SGV_12N_28115,,sgv.dir/images/SGV_12N_28115.TIF,Bild fehlt auf der Festplatte.
450351,https://data.dasch.swiss/resources/450351,,,,,SGV_12N_28116,,sgv.dir/images/SGV_12N_28116.TIF,Bild fehlt auf der Festplatte.
450352,https://data.dasch.swiss/resources/450352,,,,,SGV_12N_28117,,sgv.dir/images/SGV_12N_28117.TIF,Bild fehlt auf der Festplatte.
450353,https://data.dasch.swiss/resources/450353,,,,,SGV_12N_28118,,sgv.dir/images/SGV_12N_28118.TIF,Bild fehlt auf der Festplatte.
450354,https://data.dasch.swiss/resources/450354,,,,,SGV_12N_28119,,sgv.dir/images/SGV_12N_28119.TIF,Bild fehlt auf der Festplatte.
450356,https://data.dasch.swiss/resources/450356,,,,,SGV_12N_28121,,sgv.dir/images/SGV_12N_28121.TIF,Bild fehlt auf der Festplatte.
450357,https://data.dasch.swiss/resources/450357,,,,,SGV_12N_28122,,sgv.dir/images/SGV_12N_28122.TIF,Bild fehlt auf der Festplatte.
450358,https://data.dasch.swiss/resources/450358,,,,,SGV_12N_28123,,sgv.dir/images/SGV_12N_28123.TIF,Bild fehlt auf der Festplatte.
450359,https://data.dasch.swiss/resources/450359,,,,,SGV_12N_28124,,sgv.dir/images/SGV_12N_28124.TIF,Bild fehlt auf der Festplatte.
450360,https://data.dasch.swiss/resources/450360,,,,,SGV_12N_28125,,sgv.dir/images/SGV_12N_28125.TIF,Bild fehlt auf der Festplatte.
450361,https://data.dasch.swiss/resources/450361,,,,,SGV_12N_28126,,sgv.dir/images/SGV_12N_28126.TIF,Bild fehlt auf der Festplatte.
450362,https://data.dasch.swiss/resources/450362,,,,,SGV_12N_28127,,sgv.dir/images/SGV_12N_28127.TIF,Bild fehlt auf der Festplatte.
450363,https://data.dasch.swiss/resources/450363,,,,,SGV_12N_28128,,sgv.dir/images/SGV_12N_28128.TIF,Bild fehlt auf der Festplatte.
450371,https://data.dasch.swiss/resources/450371,,,,,SGV_12N_28136,,sgv.dir/images/SGV_12N_28136.TIF,Bild fehlt auf der Festplatte.
450372,https://data.dasch.swiss/resources/450372,,,,,SGV_12N_28137,,sgv.dir/images/SGV_12N_28137.TIF,Bild fehlt auf der Festplatte.
450373,https://data.dasch.swiss/resources/450373,,,,,SGV_12N_28138,,sgv.dir/images/SGV_12N_28138.TIF,Bild fehlt auf der Festplatte.
450374,https://data.dasch.swiss/resources/450374,,,,,SGV_12N_28139,,sgv.dir/images/SGV_12N_28139.TIF,Bild fehlt auf der Festplatte.
450380,https://data.dasch.swiss/resources/450380,,,,,SGV_12N_28145,,sgv.dir/images/SGV_12N_28145.TIF,Bild fehlt auf der Festplatte.
450381,https://data.dasch.swiss/resources/450381,,,,,SGV_12N_28146,,sgv.dir/images/SGV_12N_28146.TIF,Bild fehlt auf der Festplatte.
450382,https://data.dasch.swiss/resources/450382,,,,,SGV_12N_28147,,sgv.dir/images/SGV_12N_28147.TIF,Bild fehlt auf der Festplatte.
450383,https://data.dasch.swiss/resources/450383,,,,,SGV_12N_28148,,sgv.dir/images/SGV_12N_28148.TIF,Bild fehlt auf der Festplatte.
450384,https://data.dasch.swiss/resources/450384,,,,,SGV_12N_28149,,sgv.dir/images/SGV_12N_28149.TIF,Bild fehlt auf der Festplatte.
450386,https://data.dasch.swiss/resources/450386,,,,,SGV_12N_28151,,sgv.dir/images/SGV_12N_28151.TIF,Bild fehlt auf der Festplatte.
450388,https://data.dasch.swiss/resources/450388,,,,,SGV_12N_28153,,sgv.dir/images/SGV_12N_28153.TIF,Bild fehlt auf der Festplatte.
450389,https://data.dasch.swiss/resources/450389,,,,,SGV_12N_28154,,sgv.dir/images/SGV_12N_28154.TIF,Bild fehlt auf der Festplatte.
450392,https://data.dasch.swiss/resources/450392,,,,,SGV_12N_28157,,sgv.dir/images/SGV_12N_28157.TIF,Bild fehlt auf der Festplatte.
450393,https://data.dasch.swiss/resources/450393,,,,,SGV_12N_28158,,sgv.dir/images/SGV_12N_28158.TIF,Bild fehlt auf der Festplatte.
450394,https://data.dasch.swiss/resources/450394,,,,,SGV_12N_28159,,sgv.dir/images/SGV_12N_28159.TIF,Bild fehlt auf der Festplatte.
450395,https://data.dasch.swiss/resources/450395,,,,,SGV_12N_28160,,sgv.dir/images/SGV_12N_28160.TIF,Bild fehlt auf der Festplatte.
450396,https://data.dasch.swiss/resources/450396,,,,,SGV_12N_28161,,sgv.dir/images/SGV_12N_28161.TIF,Bild fehlt auf der Festplatte.
450397,https://data.dasch.swiss/resources/450397,,,,,SGV_12N_28162,,sgv.dir/images/SGV_12N_28162.TIF,Bild fehlt auf der Festplatte.
450398,https://data.dasch.swiss/resources/450398,,,,,SGV_12N_28163,,sgv.dir/images/SGV_12N_28163.TIF,Bild fehlt auf der Festplatte.
450399,https://data.dasch.swiss/resources/450399,,,,,SGV_12N_28164,,sgv.dir/images/SGV_12N_28164.TIF,Bild fehlt auf der Festplatte.
450400,https://data.dasch.swiss/resources/450400,,,,,SGV_12N_28165,,sgv.dir/images/SGV_12N_28165.TIF,Bild fehlt auf der Festplatte.
450401,https://data.dasch.swiss/resources/450401,,,,,SGV_12N_28166,,sgv.dir/images/SGV_12N_28166.TIF,Bild fehlt auf der Festplatte.
450402,https://data.dasch.swiss/resources/450402,,,,,SGV_12N_28167,,sgv.dir/images/SGV_12N_28167.TIF,Bild fehlt auf der Festplatte.
450403,https://data.dasch.swiss/resources/450403,,,,,SGV_12N_28168,,sgv.dir/images/SGV_12N_28168.TIF,Bild fehlt auf der Festplatte.
450404,https://data.dasch.swiss/resources/450404,,,,,SGV_12N_28169,,sgv.dir/images/SGV_12N_28169.TIF,Bild fehlt auf der Festplatte.
450405,https://data.dasch.swiss/resources/450405,,,,,SGV_12N_28170,,sgv.dir/images/SGV_12N_28170.TIF,Bild fehlt auf der Festplatte.
450406,https://data.dasch.swiss/resources/450406,,,,,SGV_12N_28171,,sgv.dir/images/SGV_12N_28171.TIF,Bild fehlt auf der Festplatte.
450407,https://data.dasch.swiss/resources/450407,,,,,SGV_12N_28172,,sgv.dir/images/SGV_12N_28172.TIF,Bild fehlt auf der Festplatte.
450411,https://data.dasch.swiss/resources/450411,,,,,SGV_12N_28176,,sgv.dir/images/SGV_12N_28176.TIF,Bild fehlt auf der Festplatte.
450427,https://data.dasch.swiss/resources/450427,,,,,SGV_12N_28192,,sgv.dir/images/SGV_12N_28192.TIF,Bild fehlt auf der Festplatte.
450428,https://data.dasch.swiss/resources/450428,,,,,SGV_12N_28193,,sgv.dir/images/SGV_12N_28193.TIF,Bild fehlt auf der Festplatte.
450435,https://data.dasch.swiss/resources/450435,,,,,SGV_12N_28200,,sgv.dir/images/SGV_12N_28200.TIF,Bild fehlt auf der Festplatte.
450511,https://data.dasch.swiss/resources/450511,,,,,SGV_12N_28276,,sgv.dir/images/SGV_12N_28276.TIF,Bild fehlt auf der Festplatte.
450512,https://data.dasch.swiss/resources/450512,,,,,SGV_12N_28277,,sgv.dir/images/SGV_12N_28277.TIF,Bild fehlt auf der Festplatte.
450513,https://data.dasch.swiss/resources/450513,,,,,SGV_12N_28278,,sgv.dir/images/SGV_12N_28278.TIF,Bild fehlt auf der Festplatte.
450519,https://data.dasch.swiss/resources/450519,,,,,SGV_12N_28284,,sgv.dir/images/SGV_12N_28284.TIF,Bild fehlt auf der Festplatte.
450520,https://data.dasch.swiss/resources/450520,,,,,SGV_12N_28285,,sgv.dir/images/SGV_12N_28285.TIF,Bild fehlt auf der Festplatte.
450521,https://data.dasch.swiss/resources/450521,,,,,SGV_12N_28286,,sgv.dir/images/SGV_12N_28286.TIF,Bild fehlt auf der Festplatte.
450643,https://data.dasch.swiss/resources/450643,,,,,SGV_12N_28408,,sgv.dir/images/SGV_12N_28408.TIF,Bild fehlt auf der Festplatte.
450644,https://data.dasch.swiss/resources/450644,,,,,SGV_12N_28409,,sgv.dir/images/SGV_12N_28409.TIF,Bild fehlt auf der Festplatte.
450645,https://data.dasch.swiss/resources/450645,,,,,SGV_12N_28410,,sgv.dir/images/SGV_12N_28410.TIF,Bild fehlt auf der Festplatte.
450646,https://data.dasch.swiss/resources/450646,,,,,SGV_12N_28411,,sgv.dir/images/SGV_12N_28411.TIF,Bild fehlt auf der Festplatte.
450647,https://data.dasch.swiss/resources/450647,,,,,SGV_12N_28412,,sgv.dir/images/SGV_12N_28412.TIF,Bild fehlt auf der Festplatte.
450648,https://data.dasch.swiss/resources/450648,,,,,SGV_12N_28413,,sgv.dir/images/SGV_12N_28413.TIF,Bild fehlt auf der Festplatte.
450649,https://data.dasch.swiss/resources/450649,,,,,SGV_12N_28414,,sgv.dir/images/SGV_12N_28414.TIF,Bild fehlt auf der Festplatte.
450650,https://data.dasch.swiss/resources/450650,,,,,SGV_12N_28415,,sgv.dir/images/SGV_12N_28415.TIF,Bild fehlt auf der Festplatte.
450666,https://data.dasch.swiss/resources/450666,,,,,SGV_12N_28431,,sgv.dir/images/SGV_12N_28431.TIF,Bild fehlt auf der Festplatte.
450667,https://data.dasch.swiss/resources/450667,,,,,SGV_12N_28432,,sgv.dir/images/SGV_12N_28432.TIF,Bild fehlt auf der Festplatte.
450668,https://data.dasch.swiss/resources/450668,,,,,SGV_12N_28433,,sgv.dir/images/SGV_12N_28433.TIF,Bild fehlt auf der Festplatte.
450669,https://data.dasch.swiss/resources/450669,,,,,SGV_12N_28434,,sgv.dir/images/SGV_12N_28434.TIF,Bild fehlt auf der Festplatte.
450698,https://data.dasch.swiss/resources/450698,,,,,SGV_12N_28463,,sgv.dir/images/SGV_12N_28463.TIF,Bild fehlt auf der Festplatte.
450836,https://data.dasch.swiss/resources/450836,,,,,SGV_12N_28601,,sgv.dir/images/SGV_12N_28601.TIF,Bild fehlt auf der Festplatte.
450837,https://data.dasch.swiss/resources/450837,,,,,SGV_12N_28602,,sgv.dir/images/SGV_12N_28602.TIF,Bild fehlt auf der Festplatte.
450838,https://data.dasch.swiss/resources/450838,,,,,SGV_12N_28603,,sgv.dir/images/SGV_12N_28603.TIF,Bild fehlt auf der Festplatte.
450839,https://data.dasch.swiss/resources/450839,,,,,SGV_12N_28604,,sgv.dir/images/SGV_12N_28604.TIF,Bild fehlt auf der Festplatte.
450840,https://data.dasch.swiss/resources/450840,,,,,SGV_12N_28605,,sgv.dir/images/SGV_12N_28605.TIF,Bild fehlt auf der Festplatte.
450841,https://data.dasch.swiss/resources/450841,,,,,SGV_12N_28606,,sgv.dir/images/SGV_12N_28606.TIF,Bild fehlt auf der Festplatte.
450842,https://data.dasch.swiss/resources/450842,,,,,SGV_12N_28607,,sgv.dir/images/SGV_12N_28607.TIF,Bild fehlt auf der Festplatte.
450843,https://data.dasch.swiss/resources/450843,,,,,SGV_12N_28608,,sgv.dir/images/SGV_12N_28608.TIF,Bild fehlt auf der Festplatte.
450844,https://data.dasch.swiss/resources/450844,,,,,SGV_12N_28609,,sgv.dir/images/SGV_12N_28609.TIF,Bild fehlt auf der Festplatte.
450845,https://data.dasch.swiss/resources/450845,,,,,SGV_12N_28610,,sgv.dir/images/SGV_12N_28610.TIF,Bild fehlt auf der Festplatte.
450846,https://data.dasch.swiss/resources/450846,,,,,SGV_12N_28611,,sgv.dir/images/SGV_12N_28611.TIF,Bild fehlt auf der Festplatte.
450847,https://data.dasch.swiss/resources/450847,,,,,SGV_12N_28612,,sgv.dir/images/SGV_12N_28612.TIF,Bild fehlt auf der Festplatte.
450848,https://data.dasch.swiss/resources/450848,,,,,SGV_12N_28613,,sgv.dir/images/SGV_12N_28613.TIF,Bild fehlt auf der Festplatte.
450849,https://data.dasch.swiss/resources/450849,,,,,SGV_12N_28614,,sgv.dir/images/SGV_12N_28614.TIF,Bild fehlt auf der Festplatte.
450850,https://data.dasch.swiss/resources/450850,,,,,SGV_12N_28615,,sgv.dir/images/SGV_12N_28615.TIF,Bild fehlt auf der Festplatte.
450851,https://data.dasch.swiss/resources/450851,,,,,SGV_12N_28616,,sgv.dir/images/SGV_12N_28616.TIF,Bild fehlt auf der Festplatte.
450852,https://data.dasch.swiss/resources/450852,,,,,SGV_12N_28617,,sgv.dir/images/SGV_12N_28617.TIF,Bild fehlt auf der Festplatte.
450853,https://data.dasch.swiss/resources/450853,,,,,SGV_12N_28618,,sgv.dir/images/SGV_12N_28618.TIF,Bild fehlt auf der Festplatte.
450854,https://data.dasch.swiss/resources/450854,,,,,SGV_12N_28619,,sgv.dir/images/SGV_12N_28619.TIF,Bild fehlt auf der Festplatte.
450855,https://data.dasch.swiss/resources/450855,,,,,SGV_12N_28620,,sgv.dir/images/SGV_12N_28620.TIF,Bild fehlt auf der Festplatte.
450856,https://data.dasch.swiss/resources/450856,,,,,SGV_12N_28621,,sgv.dir/images/SGV_12N_28621.TIF,Bild fehlt auf der Festplatte.
450857,https://data.dasch.swiss/resources/450857,,,,,SGV_12N_28622,,sgv.dir/images/SGV_12N_28622.TIF,Bild fehlt auf der Festplatte.
450858,https://data.dasch.swiss/resources/450858,,,,,SGV_12N_28623,,sgv.dir/images/SGV_12N_28623.TIF,Bild fehlt auf der Festplatte.
450859,https://data.dasch.swiss/resources/450859,,,,,SGV_12N_28624,,sgv.dir/images/SGV_12N_28624.TIF,Bild fehlt auf der Festplatte.
450860,https://data.dasch.swiss/resources/450860,,,,,SGV_12N_28625,,sgv.dir/images/SGV_12N_28625.TIF,Bild fehlt auf der Festplatte.
450861,https://data.dasch.swiss/resources/450861,,,,,SGV_12N_28626,,sgv.dir/images/SGV_12N_28626.TIF,Bild fehlt auf der Festplatte.
450862,https://data.dasch.swiss/resources/450862,,,,,SGV_12N_28627,,sgv.dir/images/SGV_12N_28627.TIF,Bild fehlt auf der Festplatte.
450863,https://data.dasch.swiss/resources/450863,,,,,SGV_12N_28628,,sgv.dir/images/SGV_12N_28628.TIF,Bild fehlt auf der Festplatte.
450865,https://data.dasch.swiss/resources/450865,,,,,SGV_12N_28630,,sgv.dir/images/SGV_12N_28630.TIF,Bild fehlt auf der Festplatte.
450866,https://data.dasch.swiss/resources/450866,,,,,SGV_12N_28631,,sgv.dir/images/SGV_12N_28631.TIF,Bild fehlt auf der Festplatte.
450867,https://data.dasch.swiss/resources/450867,,,,,SGV_12N_28632,,sgv.dir/images/SGV_12N_28632.TIF,Bild fehlt auf der Festplatte.
450868,https://data.dasch.swiss/resources/450868,,,,,SGV_12N_28633,,sgv.dir/images/SGV_12N_28633.TIF,Bild fehlt auf der Festplatte.
450870,https://data.dasch.swiss/resources/450870,,,,,SGV_12N_28635,,sgv.dir/images/SGV_12N_28635.TIF,Bild fehlt auf der Festplatte.
450871,https://data.dasch.swiss/resources/450871,,,,,SGV_12N_28636,,sgv.dir/images/SGV_12N_28636.TIF,Bild fehlt auf der Festplatte.
450872,https://data.dasch.swiss/resources/450872,,,,,SGV_12N_28637,,sgv.dir/images/SGV_12N_28637.TIF,Bild fehlt auf der Festplatte.
450873,https://data.dasch.swiss/resources/450873,,,,,SGV_12N_28638,,sgv.dir/images/SGV_12N_28638.TIF,Bild fehlt auf der Festplatte.
450874,https://data.dasch.swiss/resources/450874,,,,,SGV_12N_28639,,sgv.dir/images/SGV_12N_28639.TIF,Bild fehlt auf der Festplatte.
450875,https://data.dasch.swiss/resources/450875,,,,,SGV_12N_28640,,sgv.dir/images/SGV_12N_28640.TIF,Bild fehlt auf der Festplatte.
450876,https://data.dasch.swiss/resources/450876,,,,,SGV_12N_28641,,sgv.dir/images/SGV_12N_28641.TIF,Bild fehlt auf der Festplatte.
450879,https://data.dasch.swiss/resources/450879,,,,,SGV_12N_28644,,sgv.dir/images/SGV_12N_28644.TIF,Bild fehlt auf der Festplatte.
450880,https://data.dasch.swiss/resources/450880,,,,,SGV_12N_28645,,sgv.dir/images/SGV_12N_28645.TIF,Bild fehlt auf der Festplatte.
450881,https://data.dasch.swiss/resources/450881,,,,,SGV_12N_28646,,sgv.dir/images/SGV_12N_28646.TIF,Bild fehlt auf der Festplatte.
450882,https://data.dasch.swiss/resources/450882,,,,,SGV_12N_28647,,sgv.dir/images/SGV_12N_28647.TIF,Bild fehlt auf der Festplatte.
450883,https://data.dasch.swiss/resources/450883,,,,,SGV_12N_28648,,sgv.dir/images/SGV_12N_28648.TIF,Bild fehlt auf der Festplatte.
450885,https://data.dasch.swiss/resources/450885,,,,,SGV_12N_28650,,sgv.dir/images/SGV_12N_28650.TIF,Bild fehlt auf der Festplatte.
450886,https://data.dasch.swiss/resources/450886,,,,,SGV_12N_28651,,sgv.dir/images/SGV_12N_28651.TIF,Bild fehlt auf der Festplatte.
450887,https://data.dasch.swiss/resources/450887,,,,,SGV_12N_28652,,sgv.dir/images/SGV_12N_28652.TIF,Bild fehlt auf der Festplatte.
450888,https://data.dasch.swiss/resources/450888,,,,,SGV_12N_28653,,sgv.dir/images/SGV_12N_28653.TIF,Bild fehlt auf der Festplatte.
450889,https://data.dasch.swiss/resources/450889,,,,,SGV_12N_28654,,sgv.dir/images/SGV_12N_28654.TIF,Bild fehlt auf der Festplatte.
450890,https://data.dasch.swiss/resources/450890,,,,,SGV_12N_28655,,sgv.dir/images/SGV_12N_28655.TIF,Bild fehlt auf der Festplatte.
450891,https://data.dasch.swiss/resources/450891,,,,,SGV_12N_28656,,sgv.dir/images/SGV_12N_28656.TIF,Bild fehlt auf der Festplatte.
450892,https://data.dasch.swiss/resources/450892,,,,,SGV_12N_28657,,sgv.dir/images/SGV_12N_28657.TIF,Bild fehlt auf der Festplatte.
450894,https://data.dasch.swiss/resources/450894,,,,,SGV_12N_28659,,sgv.dir/images/SGV_12N_28659.TIF,Bild fehlt auf der Festplatte.
450895,https://data.dasch.swiss/resources/450895,,,,,SGV_12N_28660,,sgv.dir/images/SGV_12N_28660.TIF,Bild fehlt auf der Festplatte.
450896,https://data.dasch.swiss/resources/450896,,,,,SGV_12N_28661,,sgv.dir/images/SGV_12N_28661.TIF,Bild fehlt auf der Festplatte.
450897,https://data.dasch.swiss/resources/450897,,,,,SGV_12N_28662,,sgv.dir/images/SGV_12N_28662.TIF,Bild fehlt auf der Festplatte.
450898,https://data.dasch.swiss/resources/450898,,,,,SGV_12N_28663,,sgv.dir/images/SGV_12N_28663.TIF,Bild fehlt auf der Festplatte.
450899,https://data.dasch.swiss/resources/450899,,,,,SGV_12N_28664,,sgv.dir/images/SGV_12N_28664.TIF,Bild fehlt auf der Festplatte.
450900,https://data.dasch.swiss/resources/450900,,,,,SGV_12N_28665,,sgv.dir/images/SGV_12N_28665.TIF,Bild fehlt auf der Festplatte.
450901,https://data.dasch.swiss/resources/450901,,,,,SGV_12N_28666,,sgv.dir/images/SGV_12N_28666.TIF,Bild fehlt auf der Festplatte.
450902,https://data.dasch.swiss/resources/450902,,,,,SGV_12N_28667,,sgv.dir/images/SGV_12N_28667.TIF,Bild fehlt auf der Festplatte.
450903,https://data.dasch.swiss/resources/450903,,,,,SGV_12N_28668,,sgv.dir/images/SGV_12N_28668.TIF,Bild fehlt auf der Festplatte.
450904,https://data.dasch.swiss/resources/450904,,,,,SGV_12N_28669,,sgv.dir/images/SGV_12N_28669.TIF,Bild fehlt auf der Festplatte.
450905,https://data.dasch.swiss/resources/450905,,,,,SGV_12N_28670,,sgv.dir/images/SGV_12N_28670.TIF,Bild fehlt auf der Festplatte.
450906,https://data.dasch.swiss/resources/450906,,,,,SGV_12N_28671,,sgv.dir/images/SGV_12N_28671.TIF,Bild fehlt auf der Festplatte.
450907,https://data.dasch.swiss/resources/450907,,,,,SGV_12N_28672,,sgv.dir/images/SGV_12N_28672.TIF,Bild fehlt auf der Festplatte.
450908,https://data.dasch.swiss/resources/450908,,,,,SGV_12N_28673,,sgv.dir/images/SGV_12N_28673.TIF,Bild fehlt auf der Festplatte.
450909,https://data.dasch.swiss/resources/450909,,,,,SGV_12N_28674,,sgv.dir/images/SGV_12N_28674.TIF,Bild fehlt auf der Festplatte.
450910,https://data.dasch.swiss/resources/450910,,,,,SGV_12N_28675,,sgv.dir/images/SGV_12N_28675.TIF,Bild fehlt auf der Festplatte.
450911,https://data.dasch.swiss/resources/450911,,,,,SGV_12N_28676,,sgv.dir/images/SGV_12N_28676.TIF,Bild fehlt auf der Festplatte.
450912,https://data.dasch.swiss/resources/450912,,,,,SGV_12N_28677,,sgv.dir/images/SGV_12N_28677.TIF,Bild fehlt auf der Festplatte.
450913,https://data.dasch.swiss/resources/450913,,,,,SGV_12N_28678,,sgv.dir/images/SGV_12N_28678.TIF,Bild fehlt auf der Festplatte.
450914,https://data.dasch.swiss/resources/450914,,,,,SGV_12N_28679,,sgv.dir/images/SGV_12N_28679.TIF,Bild fehlt auf der Festplatte.
450915,https://data.dasch.swiss/resources/450915,,,,,SGV_12N_28680,,sgv.dir/images/SGV_12N_28680.TIF,Bild fehlt auf der Festplatte.
450917,https://data.dasch.swiss/resources/450917,,,,,SGV_12N_28682,,sgv.dir/images/SGV_12N_28682.TIF,Bild fehlt auf der Festplatte.
450918,https://data.dasch.swiss/resources/450918,,,,,SGV_12N_28683,,sgv.dir/images/SGV_12N_28683.TIF,Bild fehlt auf der Festplatte.
450919,https://data.dasch.swiss/resources/450919,,,,,SGV_12N_28684,,sgv.dir/images/SGV_12N_28684.TIF,Bild fehlt auf der Festplatte.
450920,https://data.dasch.swiss/resources/450920,,,,,SGV_12N_28685,,sgv.dir/images/SGV_12N_28685.TIF,Bild fehlt auf der Festplatte.
450921,https://data.dasch.swiss/resources/450921,,,,,SGV_12N_28686,,sgv.dir/images/SGV_12N_28686.TIF,Bild fehlt auf der Festplatte.
450922,https://data.dasch.swiss/resources/450922,,,,,SGV_12N_28687,,sgv.dir/images/SGV_12N_28687.TIF,Bild fehlt auf der Festplatte.
450923,https://data.dasch.swiss/resources/450923,,,,,SGV_12N_28688,,sgv.dir/images/SGV_12N_28688.TIF,Bild fehlt auf der Festplatte.
450924,https://data.dasch.swiss/resources/450924,,,,,SGV_12N_28689,,sgv.dir/images/SGV_12N_28689.TIF,Bild fehlt auf der Festplatte.
450925,https://data.dasch.swiss/resources/450925,,,,,SGV_12N_28690,,sgv.dir/images/SGV_12N_28690.TIF,Bild fehlt auf der Festplatte.
450926,https://data.dasch.swiss/resources/450926,,,,,SGV_12N_28691,,sgv.dir/images/SGV_12N_28691.TIF,Bild fehlt auf der Festplatte.
450927,https://data.dasch.swiss/resources/450927,,,,,SGV_12N_28692,,sgv.dir/images/SGV_12N_28692.TIF,Bild fehlt auf der Festplatte.
450928,https://data.dasch.swiss/resources/450928,,,,,SGV_12N_28693,,sgv.dir/images/SGV_12N_28693.TIF,Bild fehlt auf der Festplatte.
450929,https://data.dasch.swiss/resources/450929,,,,,SGV_12N_28694,,sgv.dir/images/SGV_12N_28694.TIF,Bild fehlt auf der Festplatte.
450930,https://data.dasch.swiss/resources/450930,,,,,SGV_12N_28695,,sgv.dir/images/SGV_12N_28695.TIF,Bild fehlt auf der Festplatte.
450931,https://data.dasch.swiss/resources/450931,,,,,SGV_12N_28696,,sgv.dir/images/SGV_12N_28696.TIF,Bild fehlt auf der Festplatte.
450932,https://data.dasch.swiss/resources/450932,,,,,SGV_12N_28697,,sgv.dir/images/SGV_12N_28697.TIF,Bild fehlt auf der Festplatte.
450933,https://data.dasch.swiss/resources/450933,,,,,SGV_12N_28698,,sgv.dir/images/SGV_12N_28698.TIF,Bild fehlt auf der Festplatte.
450934,https://data.dasch.swiss/resources/450934,,,,,SGV_12N_28699,,sgv.dir/images/SGV_12N_28699.TIF,Bild fehlt auf der Festplatte.
450935,https://data.dasch.swiss/resources/450935,,,,,SGV_12N_28700,,sgv.dir/images/SGV_12N_28700.TIF,Bild fehlt auf der Festplatte.
451191,https://data.dasch.swiss/resources/451191,,,,,SGV_12N_28956,,sgv.dir/images/SGV_12N_28956.TIF,Bild fehlt auf der Festplatte.
451192,https://data.dasch.swiss/resources/451192,,,,,SGV_12N_28957,,sgv.dir/images/SGV_12N_28957.TIF,Bild fehlt auf der Festplatte.
451193,https://data.dasch.swiss/resources/451193,,,,,SGV_12N_28958,,sgv.dir/images/SGV_12N_28958.TIF,Bild fehlt auf der Festplatte.
451200,https://data.dasch.swiss/resources/451200,,,,,SGV_12N_28965,,sgv.dir/images/SGV_12N_28965.TIF,Bild fehlt auf der Festplatte.
452007,https://data.dasch.swiss/resources/452007,,,,,SGV_12N_29772,,sgv.dir/images/SGV_12N_29772.TIF,Bild fehlt auf der Festplatte.
452008,https://data.dasch.swiss/resources/452008,,,,,SGV_12N_29773,,sgv.dir/images/SGV_12N_29773.TIF,Bild fehlt auf der Festplatte.